#,Name,P,MP,GS,FGM,FGA,3FG,3FGA,FT,FTA,PTS,ORebs,DRebs,Tot Reb,AST,TO,STL,BLK,PF,DQ,Tech Fouls,Team ID,Opponent ID,Game ID,teamId,opponentId,gameId
20.0,Brooke Berry,G,6:01,0,0,3,0,1,0,0,0,0,0,0,0,1,0,0,0,0,0,,,,560912,560627,3970332
13.0,Drea Brumfield,G,2:53,0,0,0,0,0,0,0,0,0,1,1,0,0,0,1,0,0,0,,,,560912,560627,3970332
15.0,Isobel Bunyan,G,24:13,0,7,12,1,3,0,0,15,1,0,1,2,2,3,0,1,0,0,,,,560912,560627,3970332
21.0,Lexi Deden,F,25:06,1,1,8,0,0,5,6,7,0,8,8,0,3,1,2,2,0,0,,,,560912,560627,3970332
32.0,Marah Dykstra,F,24:07,1,2,9,0,2,2,5,6,2,3,5,4,1,0,1,4,0,0,,,,560912,560627,3970332
1.0,Malea Egan,G,11:43,0,2,3,1,1,0,0,5,1,3,4,0,3,0,0,3,0,0,,,,560912,560627,3970332
0.0,Madison Hall,G,26:17,1,5,9,2,4,0,2,12,0,2,2,2,0,3,0,3,0,0,,,,560912,560627,3970332
24.0,Taylor Janssen,F,21:06,0,1,6,1,4,0,0,3,0,5,5,2,0,1,0,3,0,0,,,,560912,560627,3970332
11.0,Katelynn Limardo,F,25:18,1,2,7,1,3,5,6,10,2,4,6,1,2,0,0,4,0,0,,,,560912,560627,3970332
2.0,Natalie Picton,G,33:16,1,0,4,0,1,2,2,2,1,0,1,3,0,5,0,3,0,0,,,,560912,560627,3970332
24.0,Rose Bubakar,F,11:24,0,1,4,0,2,0,1,2,0,3,3,0,1,1,0,1,0,0,,,,560627,560912,3970332
25.0,Emma Calvert,F,13:26,0,0,1,0,1,0,2,0,0,3,3,2,0,0,1,3,0,0,,,,560627,560912,3970332
30.0,Lauren Davenport,G,32:29,1,3,8,2,4,4,4,12,1,6,7,2,7,0,0,2,0,0,,,,560627,560912,3970332
12.0,Lauren Gustin,F,35:36,1,3,10,0,0,3,6,9,4,7,11,0,2,1,0,4,0,0,,,,560627,560912,3970332
21.0,Heather Hamson,F,0:14,0,0,0,0,0,0,0,0,0,0,0,0,0,0,0,0,0,0,,,,560627,560912,3970332
4.0,Ali'a Matavao,F,0:01,0,0,0,0,0,0,0,0,0,0,0,0,0,0,0,0,0,0,,,,560627,560912,3970332
11.0,Kaylee Smiler,G,38:54,1,4,6,3,3,3,4,14,0,3,3,0,0,4,0,3,0,0,,,,560627,560912,3970332
1.0,Amari Whiting,G,29:29,1,5,9,0,2,8,11,18,0,7,7,5,7,3,0,2,0,0,,,,560627,560912,3970332
10.0,Kailey Woolston,G,38:27,1,5,11,3,9,0,0,13,1,2,3,1,2,1,1,3,0,0,,,,560627,560912,3970332
1.0,Ali Brigham,C,16:36,1,2,3,0,0,3,4,7,1,2,3,2,1,1,1,1,0,0,,,,561013,560634,3954316
22.0,Alli Campbell,G,0:57,0,1,1,1,1,0,0,3,0,0,0,1,0,1,0,0,0,0,,,,561013,560634,3954316
4.0,Shay Ciezki,G,26:40,1,6,13,4,9,2,2,18,0,4,4,4,3,3,0,3,0,0,,,,561013,560634,3954316
7.0,Grace Hall,F,13:30,0,0,1,0,1,1,2,1,0,3,3,0,2,0,2,3,0,0,,,,561013,560634,3954316
5.0,Leilani Kapinus,G,22:51,1,2,4,0,1,0,0,4,2,7,9,3,3,2,0,2,0,0,,,,561013,560634,3954316
14.0,Kylie Lavelle,F,18:51,0,5,5,3,3,0,0,13,1,4,5,0,2,1,1,1,0,0,,,,561013,560634,3954316
20.0,Makenna Marisa,G,23:37,1,6,12,2,4,0,0,14,0,2,2,4,3,2,1,2,0,0,,,,561013,560634,3954316
3.0,Moriah Murray,G,19:39,0,2,6,2,6,4,4,10,2,1,3,5,0,3,1,0,0,0,,,,561013,560634,3954316
12.0,Jayla Oden,G,18:36,0,5,5,0,0,0,1,10,1,3,4,0,1,0,0,0,0,0,,,,561013,560634,3954316
10.0,Chanaya Pinto,F,19:22,0,1,2,0,0,0,0,2,0,2,2,1,2,1,0,2,0,0,,,,561013,560634,3954316
2.0,Taylor Valladay,G,19:21,1,5,7,0,0,2,4,12,1,1,2,2,1,1,0,2,0,0,,,,561013,560634,3954316
31.0,Nicole Davis,F,3:24,0,0,0,0,0,0,0,0,0,0,0,0,1,0,0,0,0,0,,,,560634,561013,3954316
4.0,Caroline Dingler,G,36:49,1,3,7,0,2,0,2,6,0,7,7,2,8,2,0,2,0,0,,,,560634,561013,3954316
10.0,Isabella King,F,27:59,1,4,9,2,7,4,4,14,0,1,1,2,0,2,1,1,0,0,,,,560634,561013,3954316
33.0,Julie Kulesza,G,13:05,0,1,1,1,1,1,2,4,0,0,0,0,1,1,0,3,0,0,,,,560634,561013,3954316
1.0,Ashley O'Connor,G,26:39,1,1,3,1,2,0,0,3,0,2,2,2,5,0,0,1,0,0,,,,560634,561013,3954316
20.0,Kaylee Reinbeau,F,14:15,0,0,3,0,2,1,2,1,0,2,2,0,0,2,0,1,0,0,,,,560634,561013,3954316
22.0,Sophia Sabino,G,2:11,0,1,1,1,1,0,0,3,0,0,0,0,0,0,0,0,0,0,,,,560634,561013,3954316
2.0,Rosie Scognamiglio,G,13:17,0,1,4,1,3,0,0,3,0,0,0,1,1,0,0,0,0,0,,,,560634,561013,3954316
12.0,Ashley Sofilkanich,F,13:19,0,3,7,0,0,2,4,8,1,1,2,1,2,1,0,2,0,0,,,,560634,561013,3954316
13.0,Grace Sullivan,F,23:17,1,1,6,0,0,3,4,5,1,2,3,1,2,2,1,1,0,0,,,,560634,561013,3954316
0.0,Emma Theodorsson,F,25:45,1,2,7,0,1,0,0,4,2,0,2,2,1,0,0,2,0,0,,,,560634,561013,3954316
23.0,Jasmine Clerkley,F,6:27,1,1,3,0,0,0,0,2,0,1,1,1,0,0,0,0,0,0,,,,560623,560681,3970327
3.0,Sophie Dziekan,F,20:49,0,2,3,0,0,0,0,4,0,3,3,2,1,0,0,3,0,0,,,,560623,560681,3970327
11.0,Taya Ellis,F,6:10,0,0,3,0,0,1,2,1,2,2,4,1,0,0,1,1,0,0,,,,560623,560681,3970327
25.0,Lexi Fleming,G,40:00,1,6,13,4,11,3,3,19,1,2,3,2,3,2,0,4,0,0,,,,560623,560681,3970327
13.0,Olivia Hill,F,24:56,1,3,6,0,0,1,2,7,1,3,4,1,2,1,2,3,0,0,,,,560623,560681,3970327
10.0,Paige Kohler,G,31:49,1,7,10,4,6,2,4,20,2,3,5,4,2,2,0,3,0,0,,,,560623,560681,3970327
14.0,Keiryn McGuff,F,1:49,0,0,0,0,0,0,0,0,1,0,1,0,0,0,0,1,0,0,,,,560623,560681,3970327
32.0,Erika Porter,F,21:38,0,9,13,0,0,2,8,20,2,5,7,1,3,1,0,4,0,0,,,,560623,560681,3970327
5.0,Abbie Riddle,G,5:33,0,0,0,0,0,0,0,0,0,0,0,0,1,0,0,1,0,0,,,,560623,560681,3970327
2.0,Emily Siesel,G,2:38,0,0,0,0,0,0,0,0,0,0,0,1,0,0,0,1,0,0,,,,560623,560681,3970327
1.0,Amy Velasco,G,38:11,1,5,8,4,4,2,4,16,0,2,2,8,2,1,0,2,0,0,,,,560623,560681,3970327
22.0,Faith Burch,F,16:35,0,4,6,0,0,0,0,8,0,3,3,2,2,1,0,2,0,0,,,,560681,560623,3970327
4.0,Grace Ellis,F,21:41,0,2,4,1,2,0,0,5,1,3,4,0,1,0,0,0,0,0,,,,560681,560623,3970327
1.0,Brooklyn Fort-Davis,F,7:37,0,0,0,0,0,2,2,2,0,4,4,0,0,0,0,0,0,0,,,,560681,560623,3970327
12.0,Sara Guerreiro,G,7:03,1,0,1,0,0,0,0,0,0,0,0,0,0,0,0,2,0,0,,,,560681,560623,3970327
5.0,Kali Howard,F,5:37,0,0,1,0,0,0,0,0,0,0,0,0,1,0,0,2,0,0,,,,560681,560623,3970327
2.0,Destiny Leo,G,34:48,1,12,22,3,11,6,6,33,1,3,4,2,1,3,0,4,0,0,,,,560681,560623,3970327
11.0,Colbi Maples,G,28:33,1,10,14,2,2,5,8,27,2,1,3,3,4,1,0,3,0,0,,,,560681,560623,3970327
0.0,Mickayla Perdue,G,16:39,0,0,5,0,1,0,0,0,2,1,3,0,1,0,0,1,0,0,,,,560681,560623,3970327
10.0,Jordana Reisma,F,32:23,1,0,4,0,0,0,2,0,0,6,6,1,0,0,2,3,0,0,,,,560681,560623,3970327
13.0,Carmen Villalobos,G,29:03,1,3,8,1,4,4,4,11,5,2,7,0,1,2,0,5,1,0,,,,560681,560623,3970327
32.0,Dee Dee Davis,G,22:34,1,3,8,0,2,1,2,7,1,2,3,6,0,2,0,0,0,0,,,,561039,561051,3970328
21.0,Eva DeChent,G,9:26,0,1,2,1,2,2,2,5,0,0,0,0,0,1,1,2,0,0,,,,561039,561051,3970328
30.0,Ines Debroise,G,18:47,0,3,4,1,1,1,2,8,0,1,1,4,2,2,0,0,0,0,,,,561039,561051,3970328
13.0,Anaelle Dutat,F,17:56,0,3,4,0,0,2,2,8,2,8,10,2,0,2,0,3,0,0,,,,561039,561051,3970328
5.0,Teisha Hyman,G,24:44,1,4,9,0,4,1,2,9,2,4,6,5,1,4,0,2,0,0,,,,561039,561051,3970328
11.0,Hawa Komara,F,17:07,0,1,4,0,0,1,2,3,0,0,0,0,0,0,0,0,0,0,,,,561039,561051,3970328
2.0,Katie Ledden,G,3:42,0,0,0,0,0,0,0,0,0,0,0,0,0,0,0,1,0,0,,,,561039,561051,3970328
4.0,Tenin Magassa,C,23:16,1,7,9,0,0,3,6,17,4,2,6,2,1,1,6,4,0,0,,,,561039,561051,3970328
1.0,Sophie Phillips,G,26:51,1,3,9,2,6,0,0,8,0,4,4,0,0,1,0,0,0,0,,,,561039,561051,3970328
55.0,Sophie Sene,C,3:42,0,2,2,0,0,2,2,6,0,0,0,0,0,0,0,1,0,0,,,,561039,561051,3970328
20.0,Mayé Touré,F,17:59,1,8,11,1,1,3,3,20,2,4,6,1,1,0,0,2,0,0,,,,561039,561051,3970328
15.0,Sophia Vital,G,13:56,0,0,2,0,1,0,0,0,0,1,1,2,1,0,0,4,0,0,,,,561039,561051,3970328
23.0,Sajada Bonner,G,17:17,1,0,2,0,1,5,6,5,1,1,2,0,2,1,0,0,0,0,,,,561051,561039,3970328
22.0,Ciara Brannon,F,9:24,0,0,1,0,0,0,0,0,1,0,1,0,2,0,0,5,1,0,,,,561051,561039,3970328
2.0,Thai Davis,G,8:00,0,2,2,0,0,0,0,4,0,0,0,1,1,0,0,1,0,0,,,,561051,561039,3970328
4.0,Nalyce Dudley,F,4:21,0,0,0,0,0,0,2,0,0,0,0,0,0,0,0,1,0,0,,,,561051,561039,3970328
24.0,Sierra Johnson,G,22:43,1,1,5,0,1,1,2,3,2,2,4,1,4,0,0,1,0,0,,,,561051,561039,3970328
15.0,Emma Kirby,C,16:29,0,1,3,0,0,1,2,3,2,0,2,0,2,1,0,0,0,0,,,,561051,561039,3970328
0.0,Montana Nicks,G,2:45,0,0,0,0,0,0,0,0,0,0,0,0,0,0,0,0,0,0,,,,561051,561039,3970328
10.0,Afia Owusu-Mensah,G,8:07,0,0,1,0,0,0,0,0,0,0,0,0,0,0,0,1,0,0,,,,561051,561039,3970328
5.0,Faith Pappas,G,12:22,0,1,2,1,2,0,0,3,0,0,0,0,0,0,0,0,0,0,,,,561051,561039,3970328
1.0,Ny'Ceara Pryor,G,26:59,1,3,14,0,5,5,5,11,0,3,3,0,1,0,0,3,0,0,,,,561051,561039,3970328
30.0,Olivia Tucker,G,28:37,1,2,10,0,4,0,0,4,1,1,2,0,3,0,0,2,0,0,,,,561051,561039,3970328
34.0,Kelsey Wood,F,14:08,1,0,0,0,0,0,0,0,1,5,6,1,2,0,0,5,1,0,,,,561051,561039,3970328
3.0,Amelia Wood,G,28:49,0,2,12,1,5,2,2,7,2,9,11,1,4,1,0,2,0,0,,,,561051,561039,3970328
5.0,Adebukola Akomolafe,G,1:31,0,0,0,0,0,0,0,0,0,0,0,0,1,0,0,0,0,0,,,,561193,560788,3970340
11.0,Mary-Anna Asare,G,23:06,1,5,10,3,4,1,2,14,1,3,4,1,2,1,1,1,0,0,,,,561193,560788,3970340
22.0,Jennifer Ezeh,F,18:04,0,4,5,0,0,0,0,8,0,1,1,1,2,1,0,4,0,0,,,,561193,560788,3970340
7.0,Mahaila Harrison,G,1:31,0,0,0,0,0,0,0,0,0,0,0,0,0,0,0,0,0,0,,,,561193,560788,3970340
13.0,Zoli Khalil,G,9:37,0,1,4,0,1,0,0,2,0,0,0,0,0,0,0,0,0,0,,,,561193,560788,3970340
3.0,Timaya Lewis-Eutsey,G,27:47,1,4,10,0,0,5,6,13,2,7,9,1,3,0,0,1,0,0,,,,561193,560788,3970340
33.0,Elze Motekaityte,F,2:32,0,0,1,0,0,0,0,0,0,0,0,0,0,0,1,0,0,0,,,,561193,560788,3970340
12.0,Valentina Ojeda,F,6:49,0,1,1,0,0,0,0,2,1,1,2,0,0,0,1,0,0,0,,,,561193,560788,3970340
34.0,Mykel Parham,F,22:42,1,1,4,0,0,1,2,3,3,5,8,0,0,1,1,3,0,0,,,,561193,560788,3970340
35.0,Samantha Robinson,F,12:09,0,0,1,0,0,0,0,0,0,3,3,1,1,1,0,0,0,0,,,,561193,560788,3970340
24.0,Lucia Sotelo Miguez,F,17:44,1,3,4,1,1,0,0,7,3,0,3,1,3,0,1,0,0,0,,,,561193,560788,3970340
0.0,Sarah Te-Biasu,G,28:15,1,5,12,2,4,0,0,12,0,3,3,4,1,2,0,2,0,0,,,,561193,560788,3970340
14.0,Natalia Tondi,G,17:24,0,2,4,2,3,0,0,6,0,1,1,1,0,1,0,0,0,0,,,,561193,560788,3970340
21.0,Deniz Torgut,G,10:49,0,1,2,0,1,3,3,5,0,0,0,1,0,0,0,1,0,0,,,,561193,560788,3970340
0.0,Brooke Anya,F,24:04,1,3,8,0,0,1,2,7,1,3,4,1,1,0,2,2,0,0,,,,560788,561193,3970340
12.0,Tionna Baker,G,17:47,0,3,4,0,0,0,0,6,0,1,1,1,1,1,0,2,0,0,,,,560788,561193,3970340
23.0,Onna Brown,G,9:18,0,0,1,0,0,1,4,1,0,1,1,0,0,0,1,0,0,0,,,,560788,561193,3970340
25.0,Micaela Carter,G,12:24,0,0,4,0,2,0,0,0,0,1,1,1,1,0,0,2,0,0,,,,560788,561193,3970340
15.0,Janaia Fargo,G,8:30,0,0,1,0,0,0,0,0,0,0,0,0,3,0,0,4,0,0,,,,560788,561193,3970340
10.0,Alarice Gooden,G,4:08,0,0,0,0,0,0,0,0,0,0,0,1,1,0,0,0,0,0,,,,560788,561193,3970340
3.0,Sorelle Ineza,G,33:12,1,6,14,1,2,1,2,14,0,3,3,1,0,1,0,0,0,0,,,,560788,561193,3970340
1.0,Kayley Joseph-Bernard,F,8:14,0,0,1,0,0,0,0,0,0,0,0,0,0,1,0,0,0,0,,,,560788,561193,3970340
22.0,Ally Knights,G,21:43,1,0,1,0,0,1,2,1,1,1,2,3,3,1,0,1,0,0,,,,560788,561193,3970340
33.0,Selma Markisic,G,5:33,0,0,3,0,3,0,0,0,0,0,0,0,0,1,0,0,0,0,,,,560788,561193,3970340
13.0,Zyheima Swint,C,25:57,1,2,6,0,0,0,0,4,1,6,7,0,3,0,0,4,0,0,,,,560788,561193,3970340
2.0,Emma Von Essen,G,29:11,1,4,7,3,6,0,0,11,1,1,2,0,1,1,0,1,0,0,,,,560788,561193,3970340
12.0,Edie Darby,G,7:43,0,1,4,0,2,0,0,2,0,2,2,1,0,0,0,1,0,0,,,,561142,560749,3970343
21.0,Tess Darby,G,17:00,0,0,3,0,3,0,0,0,0,3,3,2,0,0,1,0,0,0,,,,561142,560749,3970343
53.0,Jillian Hollingshead,F,20:13,1,2,5,0,0,1,2,5,6,6,12,1,0,0,3,2,0,0,,,,561142,560749,3970343
2.0,Rickea Jackson,F,24:42,1,4,11,0,2,5,6,13,4,3,7,2,3,2,0,2,0,0,,,,561142,560749,3970343
20.0,Tamari Key,C,6:58,0,1,1,0,0,1,2,3,1,2,3,0,0,0,0,1,0,0,,,,561142,560749,3970343
15.0,Jasmine Powell,G,16:55,1,2,6,0,1,3,4,7,2,0,2,2,2,1,0,1,0,0,,,,561142,560749,3970343
1.0,Sara Puckett,F,23:45,1,4,7,1,4,2,2,11,1,3,4,2,4,0,0,1,0,0,,,,561142,560749,3970343
0.0,Jewel Spear,G,17:36,1,7,12,5,10,1,2,20,1,2,3,2,1,0,0,1,0,0,,,,561142,560749,3970343
13.0,Avery Strickland,G,13:01,0,0,2,0,2,0,0,0,0,1,1,1,1,0,0,2,0,0,,,,561142,560749,3970343
11.0,Karoline Striplin,F,19:12,0,7,8,1,1,3,6,18,3,3,6,2,0,0,2,0,0,0,,,,561142,560749,3970343
10.0,Destinee Wells,G,18:36,0,0,3,0,3,2,2,2,0,0,0,6,1,0,0,1,0,0,,,,561142,560749,3970343
5.0,Kaiya Wynn,G,14:19,0,4,6,1,1,3,4,12,1,1,2,0,0,1,0,0,0,0,,,,561142,560749,3970343
2.0,Skylar Baltezegar,F,13:49,0,0,1,0,0,0,0,0,2,3,5,0,0,0,1,0,0,0,,,,560749,561142,3970343
32.0,Nya Bostic,G,12:38,0,2,3,0,0,0,0,4,1,3,4,0,0,0,0,2,0,0,,,,560749,561142,3970343
15.0,Hailee Brennen,F,26:27,1,5,10,3,5,0,0,13,1,0,1,0,1,1,0,3,0,0,,,,560749,561142,3970343
30.0,Olivia Delancy,G,23:46,1,3,9,1,2,0,0,7,1,0,1,2,2,3,0,4,0,0,,,,560749,561142,3970343
1.0,Nashani Gilbert,G,37:14,1,3,10,2,8,0,0,8,0,2,2,0,2,2,0,3,0,0,,,,560749,561142,3970343
5.0,Ahriahna Grizzle,G,37:04,1,7,16,1,2,1,2,16,0,2,2,6,4,1,0,1,0,0,,,,560749,561142,3970343
11.0,Sydney Hendrix,F,18:20,0,1,5,0,0,2,2,4,0,3,3,1,1,0,0,4,0,0,,,,560749,561142,3970343
12.0,Jaliya Sharp,C,3:03,0,0,0,0,0,0,0,0,0,0,0,0,2,0,0,1,0,0,,,,560749,561142,3970343
13.0,Ivet Subirats,G,27:39,1,4,6,2,2,2,4,12,1,1,2,0,5,1,0,3,0,0,,,,560749,561142,3970343
4.0,Tamesha Dozier,F,6:51,0,0,2,0,1,0,0,0,0,1,1,0,0,0,0,0,0,0,,,,560743,560559,3970338
12.0,Celine Dupont,F,14:59,1,2,4,1,1,1,2,6,1,5,6,1,0,0,1,2,0,0,,,,560743,560559,3970338
13.0,Madlena Gerke,G,10:13,0,2,5,0,0,1,1,5,0,0,0,0,2,0,0,0,0,0,,,,560743,560559,3970338
24.0,Maggie Hartwig,F,15:17,0,1,3,0,0,0,0,2,2,2,4,0,1,0,1,1,0,0,,,,560743,560559,3970338
0.0,Kynidi Mason Striverson,G,33:27,1,4,13,1,5,4,4,13,1,3,4,4,3,1,0,0,0,0,,,,560743,560559,3970338
5.0,Julia Palomo,G,30:57,1,3,5,1,1,0,0,7,0,1,1,2,2,2,0,1,0,0,,,,560743,560559,3970338
25.0,Lexie Sinclair,G,5:42,0,0,0,0,0,0,0,0,0,0,0,1,2,0,0,0,0,0,,,,560743,560559,3970338
21.0,Anica Skrivan,F,4:22,0,2,4,0,0,0,0,4,1,1,2,0,0,0,0,0,0,0,,,,560743,560559,3970338
30.0,Tene Smith,G,17:08,0,0,6,0,4,0,0,0,0,0,0,1,2,1,0,2,0,0,,,,560743,560559,3970338
2.0,Alana Striverson,G,22:33,1,2,8,1,4,2,2,7,0,1,1,0,2,0,0,1,0,0,,,,560743,560559,3970338
22.0,Nevaeh Thomas,F,21:42,1,2,6,0,0,0,0,4,0,2,2,0,2,0,1,3,0,0,,,,560743,560559,3970338
3.0,Barbora Tomancova,C,16:49,0,4,7,0,0,2,2,10,3,3,6,0,2,2,0,2,0,0,,,,560743,560559,3970338
32.0,Taylor Bowen,F,18:45,0,1,2,0,1,0,0,2,0,3,3,3,3,0,0,3,0,0,,,,560559,560743,3970338
14.0,Ainhoa Cea,G,18:39,1,3,5,0,0,0,0,6,1,1,2,4,2,2,0,2,0,0,,,,560559,560743,3970338
13.0,Kamil Collier,F,8:57,0,0,2,0,1,0,0,0,1,0,1,0,0,1,0,0,0,0,,,,560559,560743,3970338
3.0,Molly Heard,G,23:05,1,6,12,0,1,0,1,12,1,3,4,1,3,1,0,4,0,0,,,,560559,560743,3970338
1.0,Claira McGowan,G,27:46,0,6,12,2,4,1,2,15,1,2,3,0,3,0,0,1,0,0,,,,560559,560743,3970338
11.0,Blythe Pearson,G,17:05,1,0,3,0,1,0,0,0,1,1,2,0,2,1,0,2,0,0,,,,560559,560743,3970338
4.0,Isabella Pitta,C,2:35,0,0,1,0,0,0,0,0,0,0,0,0,0,0,0,1,0,0,,,,560559,560743,3970338
33.0,Diana Saleh,C,9:35,0,1,1,0,0,0,0,2,0,1,1,1,0,2,0,0,0,0,,,,560559,560743,3970338
5.0,Aleah Sorrentino,F,20:23,1,11,16,0,0,3,4,25,4,4,8,0,1,0,1,0,0,0,,,,560559,560743,3970338
0.0,Olivia Vandergriff,G,16:47,0,0,4,0,3,0,0,0,0,2,2,0,1,1,0,1,0,0,,,,560559,560743,3970338
21.0,Bella Vinson,G,36:23,1,6,12,3,6,0,2,15,2,6,8,1,1,1,4,1,0,0,,,,560559,560743,3970338
40.0,Se'Quoia Allmond,G,25:55,0,3,10,0,2,3,5,9,0,3,3,5,0,2,0,2,0,0,,,,561103,561097,3970331
1.0,Tyranny Brown,G,11:19,0,1,2,0,1,0,0,2,1,0,1,0,1,0,0,2,0,0,,,,561103,561097,3970331
2.0,Paige Clubb,G,4:56,0,0,1,0,1,0,0,0,0,1,1,0,0,0,0,0,0,0,,,,561103,561097,3970331
21.0,Seairra Hughes,F,29:07,1,5,9,0,0,1,3,11,2,3,5,2,1,1,2,3,0,0,,,,561103,561097,3970331
24.0,Adrianna Katcher,G,3:12,0,0,0,0,0,1,2,1,2,0,2,0,1,0,0,1,0,0,,,,561103,561097,3970331
0.0,Quierra Love,G,33:35,1,5,7,3,3,3,4,16,0,1,1,4,1,6,0,1,0,0,,,,561103,561097,3970331
22.0,Jaidynn Mason,G,26:13,1,6,16,1,3,0,2,13,0,0,0,4,2,3,0,1,0,0,,,,561103,561097,3970331
3.0,Sydney Prochaska,G,19:29,0,1,4,1,3,2,2,5,1,4,5,0,1,1,0,4,0,0,,,,561103,561097,3970331
4.0,Laniah Randle,G,25:18,1,5,8,0,0,2,3,12,2,3,5,4,3,0,1,4,0,1,,,,561103,561097,3970331
25.0,Angela Samuel,C,6:43,0,0,0,0,0,0,0,0,0,2,2,0,0,0,0,2,0,0,,,,561103,561097,3970331
15.0,Maddy Saracco,G,1:13,0,0,0,0,0,0,0,0,0,0,0,0,0,0,0,0,0,0,,,,561103,561097,3970331
11.0,Shemera Williams,G,13:01,1,5,7,4,4,2,3,16,0,0,0,2,3,0,0,4,0,0,,,,561103,561097,3970331
21.0,Megan Barton,G,11:09,0,3,4,0,0,0,0,6,1,4,5,1,0,0,0,1,0,0,,,,561097,561103,3970331
2.0,Indiya Bowen,G,21:25,1,0,4,0,2,1,2,1,0,2,2,0,3,1,0,3,0,0,,,,561097,561103,3970331
23.0,Amiyah Buchanan,F,14:24,0,0,1,0,0,0,0,0,0,1,1,0,2,1,0,2,0,0,,,,561097,561103,3970331
3.0,Chandler Davis,G,9:32,0,0,0,0,0,0,0,0,0,2,2,0,1,1,0,2,0,0,,,,561097,561103,3970331
22.0,Alecia Doyle,G,32:00,1,8,10,2,2,1,2,19,0,0,0,0,0,0,0,2,0,0,,,,561097,561103,3970331
25.0,Kiyley Flowers,G,21:51,1,2,5,0,1,1,2,5,0,5,5,1,4,2,1,2,0,0,,,,561097,561103,3970331
24.0,Jaliyah Green,G,24:47,1,5,12,0,2,7,10,17,2,5,7,4,1,0,1,4,0,0,,,,561097,561103,3970331
44.0,Michaela Mayfield,F,3:38,0,0,0,0,0,0,0,0,0,0,0,0,0,0,0,1,0,0,,,,561097,561103,3970331
1.0,Daejah Richmond,G,23:14,0,4,8,0,0,5,7,13,2,2,4,0,8,0,0,1,0,0,,,,561097,561103,3970331
5.0,Julia Sion,F,25:36,1,3,4,0,0,1,4,7,1,1,2,1,5,0,0,3,0,0,,,,561097,561103,3970331
11.0,Abbigail Stephens,F,12:25,0,1,2,0,0,0,0,2,2,3,5,1,0,0,0,2,0,0,,,,561097,561103,3970331
15.0,Favor Ayodele,F,24:23,1,2,4,0,0,5,9,9,7,4,11,0,2,0,0,4,0,0,,,,561019,561236,3970354
1.0,Aaryn Battle,G,5:39,0,0,2,0,1,0,0,0,0,0,0,0,0,1,0,1,0,0,,,,561019,561236,3970354
0.0,Gabby Hutcherson,F,10:59,0,1,3,0,1,2,2,4,0,0,0,0,0,0,0,0,0,0,,,,561019,561236,3970354
14.0,Jala Jordan,F,25:47,0,6,13,1,4,1,2,14,2,3,5,3,1,3,1,5,1,0,,,,561019,561236,3970354
2.0,Liatu King,F,29:50,1,5,9,0,0,6,7,16,3,11,14,2,1,3,3,4,0,1,,,,561019,561236,3970354
20.0,Aislin Malcolm,G,30:51,1,2,6,0,1,0,0,4,0,1,1,2,1,0,0,1,0,0,,,,561019,561236,3970354
10.0,Bella Perkins,G,38:10,1,9,20,3,8,0,2,21,0,1,1,2,0,2,0,1,0,0,,,,561019,561236,3970354
11.0,Marley Washenitz,G,34:21,1,4,10,0,2,3,4,11,1,1,2,7,6,1,1,4,0,0,,,,561019,561236,3970354
11.0,Klara Astrom,G,7:27,0,0,2,0,0,0,0,0,1,1,2,0,1,0,0,2,0,0,,,,561236,561019,3970354
21.0,Kiley Capstraw,G,31:12,1,6,14,2,6,1,4,15,3,2,5,2,1,0,0,3,0,0,,,,561236,561019,3970354
1.0,Jenna Clark,G,35:16,1,7,12,5,8,0,0,19,0,6,6,9,4,0,0,4,0,0,,,,561236,561019,3970354
24.0,Mackenzie Egger,G,24:14,1,2,5,0,1,0,0,4,1,1,2,0,4,1,1,3,0,0,,,,561236,561019,3970354
23.0,Lola Lesmond,G,6:55,0,0,3,0,3,0,0,0,0,0,0,0,0,1,0,0,0,0,,,,561236,561019,3970354
3.0,Christen McCann,G,22:35,0,3,8,2,5,2,5,10,0,2,2,4,3,1,0,2,0,0,,,,561236,561019,3970354
22.0,Brenna McDonald,F,26:27,1,3,6,0,0,4,5,10,4,3,7,1,0,1,5,1,0,0,,,,561236,561019,3970354
30.0,Nyla McGill,G,22:18,1,1,5,0,2,0,0,2,1,4,5,4,4,4,0,4,0,0,,,,561236,561019,3970354
20.0,Grace Thybulle,F,23:36,0,7,9,0,0,0,0,14,2,4,6,0,0,1,2,3,0,0,,,,561236,561019,3970354
8.0,Danelle Arigbabu,F,7:28,0,0,2,0,0,0,0,0,1,4,5,2,1,0,1,0,0,0,,,,561209,560858,3970353
14.0,Kylee Blacksten,F,22:18,1,2,7,0,1,0,1,4,2,1,3,1,0,0,1,1,0,0,,,,561209,560858,3970353
21.0,Tavy Diggs,G,18:38,0,2,4,0,0,0,0,4,1,3,4,0,0,2,1,0,0,0,,,,561209,560858,3970353
23.0,Lauren Fields,G,25:56,1,5,9,3,6,0,1,13,2,2,4,2,1,2,0,2,0,0,,,,561209,560858,3970353
10.0,Jordan Harrison,G,32:55,1,5,8,3,6,5,8,18,2,2,4,3,3,0,0,1,0,0,,,,561209,560858,3970353
0.0,Jayla Hemingway,G,27:51,0,2,6,1,2,4,6,9,2,2,4,2,6,2,0,2,0,0,,,,561209,560858,3970353
13.0,Messiah Hunter,F,9:18,0,1,3,0,0,0,2,2,0,2,2,0,3,1,0,0,0,0,,,,561209,560858,3970353
11.0,Ja'Naiya Quinerly,G,26:34,1,6,14,4,7,3,3,19,3,0,3,1,2,1,0,1,0,0,,,,561209,560858,3970353
32.0,Kyah Watson,G,29:03,1,2,4,1,1,0,0,5,2,4,6,3,1,4,0,1,0,0,,,,561209,560858,3970353
34.0,Amandine Amorich,G,20:35,1,2,5,0,2,1,2,5,0,1,1,2,3,2,0,4,0,0,,,,560858,561209,3970353
55.0,Lily Bottomley,C,15:19,0,1,1,0,0,0,0,2,1,3,4,0,1,1,1,2,0,0,,,,560858,561209,3970353
12.0,Cristina Garcia,G,10:16,0,0,0,0,0,0,0,0,0,0,0,0,1,0,0,1,0,0,,,,560858,561209,3970353
5.0,Kimmie Hicks,G,11:30,0,0,1,0,0,0,0,0,0,0,0,0,1,0,0,0,0,0,,,,560858,561209,3970353
20.0,Kailey Kalet,G,7:04,0,0,0,0,0,0,0,0,0,1,1,0,2,0,0,2,0,0,,,,560858,561209,3970353
24.0,Ally Lovisolo,F,17:21,0,0,3,0,2,0,0,0,0,0,0,0,0,1,0,1,0,0,,,,560858,561209,3970353
1.0,Kelly Ratigan,G,30:28,1,2,9,2,8,0,0,6,0,1,1,0,2,0,0,2,0,0,,,,560858,561209,3970353
15.0,Laura Salmeron,G,22:35,1,0,2,0,1,0,0,0,0,0,0,3,2,1,0,2,0,0,,,,560858,561209,3970353
11.0,Lex Therien,F,28:52,1,8,14,0,1,2,2,18,1,10,11,1,4,4,0,2,0,0,,,,560858,561209,3970353
35.0,Ava Therien,F,18:28,1,2,5,0,0,0,0,4,1,2,3,0,3,1,0,2,0,0,,,,560858,561209,3970353
2.0,Meliah Van-Otoo,G,17:32,0,2,7,0,1,0,0,4,1,0,1,0,1,0,0,2,0,0,,,,560858,561209,3970353
13.0,Elina Arike,F,13:45,0,5,6,0,0,1,2,11,2,1,3,1,3,1,0,4,0,0,,,,561151,561011,3970341
25.0,Ashley Chevalier,G,24:21,1,3,5,0,1,0,0,6,1,1,2,1,1,1,0,4,0,0,,,,561151,561011,3970341
2.0,Kilah Freelon,F,21:50,1,3,5,0,1,1,1,7,1,5,6,1,1,2,0,2,0,0,,,,561151,561011,3970341
23.0,Loghan Johnson,G,12:12,0,1,4,0,2,1,2,3,1,3,4,1,4,2,0,5,1,0,,,,561151,561011,3970341
42.0,Jazmaine Lewis,F,5:02,0,0,2,0,0,0,0,0,1,0,1,1,0,0,0,1,0,0,,,,561151,561011,3970341
20.0,Bailey Maupin,G,24:19,1,4,8,2,4,6,6,16,1,4,5,4,6,1,1,2,0,0,,,,561151,561011,3970341
5.0,Rhyle McKinney,G,17:40,0,4,5,2,2,0,0,10,0,3,3,0,0,1,0,0,0,0,,,,561151,561011,3970341
12.0,Jordyn Merritt,F,22:20,1,3,6,0,0,0,0,6,1,5,6,4,2,2,3,4,0,0,,,,561151,561011,3970341
30.0,Kelly Mora,F,5:43,0,1,2,0,0,0,2,2,1,0,1,0,0,0,0,1,0,0,,,,561151,561011,3970341
3.0,Jasmine Shavers,G,21:54,1,9,11,4,5,4,5,26,1,6,7,2,1,1,0,1,0,0,,,,561151,561011,3970341
11.0,Saga Ukkonen,G,15:49,0,2,5,2,5,0,0,6,1,0,1,1,0,1,0,2,0,0,,,,561151,561011,3970341
24.0,Jada Wynn,G,15:05,0,1,7,0,2,0,0,2,2,1,3,1,2,0,0,1,0,0,,,,561151,561011,3970341
2.0,Iyana Dorsey,G,20:03,1,2,13,0,6,4,7,8,0,0,0,1,6,2,0,1,0,0,,,,561011,561151,3970341
12.0,Kade Hackerott,G,24:18,1,4,8,0,2,1,1,9,0,3,3,1,4,1,0,3,0,0,,,,561011,561151,3970341
4.0,Ja'Shelle Johnson,G,8:55,0,0,1,0,0,0,0,0,0,1,1,0,3,1,1,1,0,0,,,,561011,561151,3970341
20.0,Mele Kailahi,G,36:03,1,3,4,1,2,4,5,11,1,2,3,0,2,1,0,3,0,0,,,,561011,561151,3970341
10.0,Ashton McCorry,F,9:11,0,0,1,0,0,0,0,0,0,3,3,0,2,0,0,3,0,0,,,,561011,561151,3970341
33.0,Taylor Meyners,G,5:03,0,0,1,0,1,0,0,0,0,0,0,0,0,0,0,0,0,0,,,,561011,561151,3970341
1.0,Charlotte O'Keefe,F,36:20,1,2,4,1,2,1,4,6,2,4,6,1,2,2,2,1,0,0,,,,561011,561151,3970341
22.0,Faith Phillips,F,14:40,0,2,3,1,2,1,2,6,1,1,2,0,0,0,0,0,0,0,,,,561011,561151,3970341
21.0,Arianna Sturdivant,G,30:57,1,4,10,1,6,2,3,11,0,2,2,0,1,0,1,4,0,0,,,,561011,561151,3970341
0.0,Tierra Trotter,G,14:30,0,1,4,0,2,0,0,2,0,1,1,1,2,1,0,3,0,0,,,,561011,561151,3970341
2.0,Cori Allen,G,1:51,0,0,0,0,0,0,0,0,0,0,0,0,0,0,0,1,0,0,,,,560805,560916,3954568
22.0,Shay Bollin,F,4:59,0,0,0,0,0,0,0,0,0,0,0,0,0,0,0,0,0,0,,,,560805,560916,3954568
44.0,Kendall Bostic,F,34:15,1,5,7,1,1,4,5,15,4,9,13,3,1,2,1,3,0,0,,,,560805,560916,3954568
1.0,Genesis Bryant,G,33:02,1,12,16,2,5,6,7,32,0,4,4,4,2,0,0,1,0,0,,,,560805,560916,3954568
5.0,Gretchen Dolan,G,13:30,0,1,4,0,1,4,5,6,0,0,0,1,1,1,0,1,0,0,,,,560805,560916,3954568
41.0,Camille Hobby,C,13:13,0,3,8,0,1,0,0,6,0,1,1,0,0,1,0,3,0,0,,,,560805,560916,3954568
24.0,Adalia McKenzie,G,30:32,1,3,10,0,0,0,1,6,2,0,2,0,2,1,0,0,0,0,,,,560805,560916,3954568
11.0,Jada Peebles,G,24:54,1,1,4,0,1,1,4,3,3,0,3,2,0,0,0,0,0,0,,,,560805,560916,3954568
4.0,Kam'ren Rhodes,G,25:24,0,3,6,1,2,0,0,7,2,1,3,0,0,0,0,2,0,0,,,,560805,560916,3954568
23.0,Brynn Shoup-Hill,F,18:20,1,2,4,2,3,0,0,6,1,2,3,0,2,1,2,0,0,0,,,,560805,560916,3954568
10.0,Skylar Barnes,G,1:03,0,0,0,0,0,0,0,0,0,0,0,0,1,0,0,0,0,0,,,,560916,560805,3954568
0.0,Veronica Charles,G,37:47,1,6,16,3,11,1,1,16,2,1,3,3,1,3,0,3,0,0,,,,560916,560805,3954568
32.0,Mikaela Hall,F,14:30,1,0,1,0,0,0,0,0,0,0,0,0,2,0,0,1,0,0,,,,560916,560805,3954568
23.0,Blessing King,G,23:01,0,4,4,0,0,0,1,8,2,2,4,1,1,0,0,5,1,0,,,,560916,560805,3954568
3.0,Paris McBride,G,12:10,0,2,4,0,2,0,0,4,0,2,2,0,0,2,1,2,0,0,,,,560916,560805,3954568
33.0,Katie Novik,G,25:00,1,4,5,1,1,0,2,9,1,4,5,5,4,1,0,5,1,0,,,,560916,560805,3954568
11.0,Jayden Rhodes,F,18:04,1,1,5,0,4,0,0,2,1,2,3,0,4,0,0,2,0,0,,,,560916,560805,3954568
22.0,Hallie Rhodes,G,27:10,0,2,5,0,1,3,3,7,1,2,3,1,4,0,0,3,0,0,,,,560916,560805,3954568
34.0,Valentina Saric,F,21:38,0,2,8,1,5,2,2,7,3,3,6,0,0,0,0,1,0,0,,,,560916,560805,3954568
20.0,Melissa Secchiaroli,G,19:04,1,3,9,2,7,0,0,8,0,3,3,1,1,0,0,2,0,0,,,,560916,560805,3954568
5.0,Matilda Soderlund,G,0:33,0,0,1,0,1,0,0,0,0,0,0,0,0,0,0,0,0,0,,,,560916,560805,3954568
4.0,Sophie Burrows,G,25:25,1,4,13,2,7,0,0,10,1,1,2,1,2,0,0,0,0,0,,,,561132,560839,3970356
2.0,Dyaisha Fair,G,30:41,1,6,14,3,6,2,2,17,3,8,11,6,1,2,1,0,0,0,,,,561132,560839,3970356
23.0,Alyssa Latham,F,22:50,1,5,8,0,0,5,7,15,5,5,10,0,2,0,0,3,0,0,,,,561132,560839,3970356
11.0,Lexi McNabb,G,26:41,0,1,5,1,4,0,0,3,0,0,0,1,2,0,0,0,0,0,,,,561132,560839,3970356
1.0,Kennedi Perkins,G,17:45,0,2,3,0,1,1,2,5,1,2,3,1,1,2,0,1,0,0,,,,561132,560839,3970356
25.0,Alaina Rice,G,28:08,1,5,13,0,5,0,0,10,3,8,11,1,3,1,0,2,0,0,,,,561132,560839,3970356
15.0,Marilena Trianafylli,C,3:46,0,0,2,0,0,0,0,0,1,0,1,0,0,0,0,0,0,0,,,,561132,560839,3970356
34.0,Izabel Varejão,C,24:06,1,1,5,0,2,1,2,3,2,5,7,1,2,0,1,1,0,0,,,,561132,560839,3970356
22.0,Kyra Wood,F,20:39,0,4,8,0,0,4,5,12,4,3,7,0,1,1,0,1,0,0,,,,561132,560839,3970356
23.0,Makayla Andrews,G,29:00,1,1,11,1,2,2,2,5,3,4,7,3,4,0,0,3,0,0,,,,560839,561132,3970356
1.0,Abby Antognoli,G,36:45,1,2,10,1,6,0,0,5,0,6,6,4,4,2,1,0,0,0,,,,560839,561132,3970356
44.0,Brynn Beffert,F,4:24,0,0,0,0,0,0,0,0,0,0,0,0,0,0,0,0,0,0,,,,560839,561132,3970356
10.0,Tasha Chudy,F,3:06,0,1,1,0,0,0,0,2,0,0,0,0,1,0,0,1,0,0,,,,560839,561132,3970356
15.0,Kay Donahue,G,19:08,0,3,12,2,4,1,2,9,0,1,1,1,2,1,1,3,0,0,,,,560839,561132,3970356
14.0,Kayla Drummond,F,22:07,1,2,4,0,0,1,2,5,0,3,3,1,0,1,1,1,0,0,,,,560839,561132,3970356
4.0,Kylie Favours,G,11:10,1,0,3,0,3,0,0,0,0,0,0,0,1,0,0,0,0,0,,,,560839,561132,3970356
12.0,Teresa Kiewiet,G,4:02,0,0,0,0,0,0,0,0,0,1,1,0,0,0,0,0,0,0,,,,560839,561132,3970356
22.0,Aniya Matthews,C,8:10,0,1,1,0,0,0,0,2,0,1,1,0,0,0,0,0,0,0,,,,560839,561132,3970356
24.0,Sauda Ntaconayigize,G,22:56,0,3,7,1,5,0,1,7,0,0,0,1,1,0,0,0,0,0,,,,560839,561132,3970356
2.0,Emma Shields,F,16:24,0,1,1,0,0,0,0,2,0,3,3,1,0,1,0,4,0,0,,,,560839,561132,3970356
32.0,Halee Smith,G,22:48,1,2,4,0,1,0,0,4,1,1,2,1,3,2,0,4,0,0,,,,560839,561132,3970356
3.0,Emma Boslet,G,19:30,0,1,3,1,1,0,0,3,0,0,0,1,1,1,0,3,0,0,,,,561060,561045,3970355
0.0,Talya Brugler,F,26:12,1,10,11,0,1,2,2,22,1,1,2,3,2,0,1,2,0,0,,,,561060,561045,3970355
15.0,Gabby Casey,G,8:36,0,2,4,0,2,0,0,4,0,2,2,0,2,1,0,0,0,0,,,,561060,561045,3970355
33.0,Emirson Devenie,G,3:32,0,0,1,0,0,0,0,0,0,0,0,1,0,0,0,0,0,0,,,,561060,561045,3970355
11.0,Kaylie Griffin,G,5:04,0,0,0,0,0,0,2,0,0,2,2,0,0,0,0,0,0,0,,,,561060,561045,3970355
42.0,Lizzy Gruber,C,2:05,0,0,0,0,0,0,0,0,0,0,0,0,1,0,0,1,0,0,,,,561060,561045,3970355
30.0,Paula Maurina,F,10:29,0,0,0,0,0,3,6,3,0,1,1,0,0,0,0,0,0,0,,,,561060,561045,3970355
24.0,Bridget Monaghan,G,2:05,0,0,0,0,0,0,0,0,0,0,0,0,0,0,0,0,0,0,,,,561060,561045,3970355
5.0,Julia Nystrom,G,31:42,1,3,6,2,3,0,0,8,2,1,3,5,1,0,0,2,0,0,,,,561060,561045,3970355
21.0,Mackenzie Smith,G,25:01,1,1,7,1,4,2,2,5,1,2,3,4,1,1,1,0,0,0,,,,561060,561045,3970355
2.0,Aleah Snead,G,6:07,0,0,4,0,0,0,0,0,2,2,4,0,0,0,0,1,0,0,,,,561060,561045,3970355
22.0,Chloe Welch,G,26:26,1,2,3,1,1,2,2,7,2,3,5,2,1,0,0,1,0,0,,,,561060,561045,3970355
4.0,Laura Ziegler,F,33:11,1,8,19,1,5,2,2,19,4,12,16,1,2,2,2,0,0,0,,,,561060,561045,3970355
3.0,Jamia Blake,G,12:54,0,0,4,0,1,0,0,0,0,3,3,1,2,0,0,4,0,0,,,,561045,561060,3970355
12.0,Taylor Blunt,G,2:05,0,1,1,0,0,0,0,2,0,0,0,0,0,0,0,0,0,0,,,,561045,561060,3970355
14.0,Sofie Bruintjes,F,16:45,0,0,3,0,0,0,0,0,1,3,4,2,1,0,0,2,0,0,,,,561045,561060,3970355
11.0,Mariona Cos-Morales,G,26:48,1,3,10,0,1,0,0,6,1,3,4,0,2,1,1,2,0,0,,,,561045,561060,3970355
44.0,Kaylan Deveney,C,21:29,1,2,8,1,3,2,2,7,0,1,1,0,1,0,0,1,0,0,,,,561045,561060,3970355
24.0,Makayla Firebaugh,G,25:28,1,2,4,2,3,0,0,6,0,1,1,2,5,1,0,3,0,0,,,,561045,561060,3970355
10.0,Molly Lynch,G,20:03,0,0,1,0,1,0,0,0,0,2,2,0,0,0,0,1,0,0,,,,561045,561060,3970355
1.0,Aliya McIver,G,9:00,0,1,2,0,0,0,0,2,0,0,0,0,0,0,0,0,0,0,,,,561045,561060,3970355
0.0,Sanaa Redmond,G,27:39,1,4,7,0,0,3,3,11,1,2,3,5,2,0,0,2,0,0,,,,561045,561060,3970355
13.0,Sam Richardson,F,5:18,0,0,0,0,0,0,0,0,1,1,2,0,2,0,1,2,0,0,,,,561045,561060,3970355
55.0,Jessika Schiffer,G,32:31,1,5,12,5,9,0,0,15,0,0,0,0,1,1,0,1,0,0,,,,561045,561060,3970355
1.0,Evie DePetro,G,1:18,0,0,0,0,0,0,0,0,0,0,0,0,0,1,0,0,0,0,,,,560760,560925,3970330
10.0,Kennedy Grier,G,12:05,1,1,2,0,0,0,0,2,0,1,1,1,0,0,0,1,0,0,,,,560760,560925,3970330
14.0,Hanna Hansson,F,10:54,0,0,1,0,0,0,0,0,0,0,0,0,0,0,0,1,0,0,,,,560760,560925,3970330
21.0,Niveya Henley,G,29:06,0,5,9,1,1,7,9,18,3,5,8,0,2,0,0,2,0,0,,,,560760,560925,3970330
35.0,Sydney James,G,34:01,1,0,7,0,5,2,6,2,1,6,7,4,1,1,0,3,0,0,,,,560760,560925,3970330
42.0,Kate Johnson,F,23:38,1,2,2,0,0,1,4,5,5,2,7,4,2,0,3,3,0,0,,,,560760,560925,3970330
13.0,Paraskevi Koilia,G,7:23,0,0,1,0,0,0,0,0,1,1,2,3,0,1,0,0,0,0,,,,560760,560925,3970330
0.0,Jayda Pinder,G,0:30,0,0,0,0,0,0,0,0,1,0,1,0,0,0,0,0,0,0,,,,560760,560925,3970330
20.0,Sydney Ryan,G,20:15,0,1,5,0,1,5,5,7,4,5,9,1,3,0,0,3,0,0,,,,560760,560925,3970330
3.0,Jada Session,F,26:31,1,8,14,0,0,0,0,16,1,8,9,2,2,0,0,4,0,0,,,,560760,560925,3970330
12.0,Asa Snyder,G,0:22,0,0,0,0,0,0,0,0,0,0,0,0,0,0,0,0,0,0,,,,560760,560925,3970330
4.0,Tate Walters,G,33:57,1,8,16,3,6,2,4,21,1,4,5,3,8,1,2,3,0,0,,,,560760,560925,3970330
2.0,Faith Adams,G,20:24,1,2,8,0,2,0,0,4,0,1,1,1,3,2,1,2,0,0,,,,560925,560760,3970330
10.0,Jamaya Blanks,F,13:16,1,2,6,1,2,2,2,7,0,3,3,0,1,0,0,5,1,0,,,,560925,560760,3970330
11.0,Millie Brown,G,15:30,0,3,5,3,4,0,0,9,0,0,0,0,1,1,0,1,0,0,,,,560925,560760,3970330
23.0,Mallory Bruce,G,27:46,1,3,10,1,4,2,3,9,2,4,6,1,1,0,0,3,0,0,,,,560925,560760,3970330
3.0,Trinity Fields,G,1:00,0,0,0,0,0,0,0,0,0,0,0,0,0,0,0,0,0,0,,,,560925,560760,3970330
1.0,Jaila Lee,F,35:43,1,4,9,0,1,4,6,12,4,2,6,2,4,3,0,4,0,0,,,,560925,560760,3970330
20.0,Dakota McCaughan,G,14:30,0,0,4,0,4,0,0,0,0,1,1,1,0,1,0,2,0,0,,,,560925,560760,3970330
5.0,Nycerra Minnis,F,17:03,0,2,5,0,0,0,1,4,3,0,3,1,1,1,1,1,0,0,,,,560925,560760,3970330
0.0,LaImani Simmons,G,24:22,0,5,13,1,2,3,8,14,0,6,6,1,1,1,0,2,0,0,,,,560925,560760,3970330
15.0,Briauna Thompson,F,2:05,0,0,0,0,0,0,0,0,0,0,0,0,0,1,1,0,0,0,,,,560925,560760,3970330
45.0,Abigail Wilson,F,28:21,1,1,4,0,0,0,0,2,0,3,3,1,1,0,0,2,0,0,,,,560925,560760,3970330
20.0,Amiya Jenkins,G,34:29,1,5,7,0,2,6,10,16,1,3,4,0,1,1,0,4,0,0,,,,560835,560730,3970345
34.0,Emma King,G,9:25,0,1,3,0,0,0,0,2,1,1,2,0,0,0,0,0,0,0,,,,560835,560730,3970345
0.0,Brooklynn Miles,G,30:52,1,3,6,0,1,4,6,10,0,3,3,4,1,1,0,1,0,0,,,,560835,560730,3970345
13.0,Ajae Petty,F,27:25,1,4,7,0,0,4,9,12,4,9,13,1,1,0,1,4,0,0,,,,560835,560730,3970345
5.0,Cassidy Rowe,G,8:27,0,0,0,0,0,1,2,1,0,3,3,0,0,0,0,0,0,0,,,,560835,560730,3970345
4.0,Eniya Russell,G,19:27,0,2,7,0,1,1,2,5,0,2,2,1,0,0,0,2,0,0,,,,560835,560730,3970345
22.0,Maddie Scherr,G,32:33,1,5,14,0,4,4,4,14,3,2,5,3,1,1,0,5,1,0,,,,560835,560730,3970345
24.0,Zennia Thomas,F,12:30,0,0,2,0,1,0,0,0,2,0,2,0,2,0,2,1,0,0,,,,560835,560730,3970345
2.0,Saniah Tyler,G,24:53,1,5,12,2,6,2,3,14,0,0,0,0,0,1,0,3,0,0,,,,560835,560730,3970345
11.0,Breanne Beatty,G,27:36,1,1,6,0,4,2,2,4,3,0,3,1,2,0,0,5,1,0,,,,560730,560835,3970345
0.0,Nevaeh Brown,G,37:20,1,4,16,1,2,1,4,10,1,5,6,1,1,0,0,4,0,0,,,,560730,560835,3970345
5.0,Jaileyah Cotton,G,7:52,0,2,4,2,3,1,2,7,0,0,0,0,0,1,0,1,0,0,,,,560730,560835,3970345
24.0,Jakhyia Davis,C,24:28,1,2,6,0,0,1,2,5,2,6,8,0,0,0,1,4,0,0,,,,560730,560835,3970345
20.0,Meghan Downing,F,12:07,0,0,0,0,0,1,2,1,0,3,3,0,0,0,0,3,0,0,,,,560730,560835,3970345
12.0,Kendall Folley,G,31:41,1,9,14,0,2,4,4,22,1,4,5,5,5,2,0,1,0,0,,,,560730,560835,3970345
4.0,Meleah Kirtner,G,0:55,0,0,0,0,0,0,0,0,0,0,0,0,0,0,0,0,0,0,,,,560730,560835,3970345
2.0,Journee McDaniel,G,13:59,0,0,2,0,2,0,0,0,2,2,4,0,1,1,0,5,1,0,,,,560730,560835,3970345
10.0,Courtney Moore,G,35:21,1,7,12,2,6,1,2,17,0,2,2,2,2,0,0,3,0,0,,,,560730,560835,3970345
15.0,Samiah Puckett,F,3:23,0,0,0,0,0,0,0,0,0,0,0,0,0,0,0,1,0,0,,,,560730,560835,3970345
3.0,Brecken Snotherly,G,3:20,0,0,0,0,0,0,0,0,0,0,0,0,0,0,0,1,0,0,,,,560730,560835,3970345
23.0,Sarah Thompson,G,1:59,0,0,1,0,0,0,0,0,0,0,0,0,0,0,0,0,0,0,,,,560730,560835,3970345
1.0,River Baldwin,C,19:31,1,0,1,0,0,0,0,0,0,5,5,0,2,0,1,3,0,0,,,,560962,560928,3970346
35.0,Zoe Brooks,G,28:50,0,5,10,0,1,2,3,12,2,4,6,3,2,1,0,2,0,0,,,,560962,560928,3970346
42.0,Mallory Collier,C,9:44,0,1,1,0,0,1,2,3,2,2,4,0,0,0,2,2,0,0,,,,560962,560928,3970346
2.0,Mimi Collins,F,20:10,1,3,9,3,6,2,2,11,1,4,5,1,1,0,2,1,0,0,,,,560962,560928,3970346
11.0,Maddie Cox,F,16:17,0,0,4,0,2,0,0,0,1,4,5,0,1,0,1,0,0,0,,,,560962,560928,3970346
30.0,Jannah Eissa,G,4:03,0,1,2,1,2,0,0,3,0,0,0,0,0,0,0,0,0,0,,,,560962,560928,3970346
21.0,Madison Hayes,G,26:00,1,3,10,0,3,4,6,10,5,3,8,4,2,1,2,3,0,0,,,,560962,560928,3970346
10.0,Aziaha James,G,23:39,1,7,12,5,8,7,8,26,0,5,5,2,1,2,0,2,0,0,,,,560962,560928,3970346
22.0,Saniya Rivers,G,18:45,1,2,5,0,1,7,7,11,0,4,4,3,2,1,0,2,0,0,,,,560962,560928,3970346
24.0,Laci Steele,G,22:16,0,3,12,0,4,2,2,8,2,2,4,1,1,0,0,1,0,0,,,,560962,560928,3970346
15.0,Lizzy Williamson,C,10:45,0,0,0,0,0,0,0,0,0,4,4,0,0,0,2,2,0,0,,,,560962,560928,3970346
20.0,Jacee Busick,G,22:55,1,0,1,0,1,0,0,0,1,2,3,0,2,0,0,1,0,0,,,,560928,560962,3970346
24.0,Fatou Diakite,F,12:59,0,2,5,0,1,4,5,8,1,2,3,0,1,0,0,5,1,0,,,,560928,560962,3970346
13.0,Tracey Hueston,F,21:51,1,4,11,0,1,4,4,12,4,2,6,0,1,0,2,3,0,0,,,,560928,560962,3970346
10.0,Dazia Lawrence,G,28:48,1,3,13,1,5,2,5,9,0,7,7,2,0,1,0,2,0,0,,,,560928,560962,3970346
23.0,Olivia Porter,G,20:33,1,0,4,0,0,0,0,0,0,1,1,1,2,0,0,4,0,0,,,,560928,560962,3970346
31.0,Keanna Rembert,F,23:27,1,2,11,1,3,1,2,6,0,3,3,1,0,0,0,3,0,0,,,,560928,560962,3970346
12.0,Imani Smith,G,16:43,0,1,3,0,1,0,0,2,0,0,0,1,2,1,1,3,0,0,,,,560928,560962,3970346
22.0,Caroline Thiel,F,6:41,0,0,2,0,1,0,0,0,0,1,1,0,0,0,1,1,0,0,,,,560928,560962,3970346
0.0,Aylesha Wade,G,11:40,0,0,5,0,3,0,0,0,1,0,1,0,1,1,0,1,0,0,,,,560928,560962,3970346
1.0,Jewel Watkins,G,17:22,0,1,6,0,2,0,0,2,1,2,3,1,1,0,0,2,0,0,,,,560928,560962,3970346
5.0,Nia Young,G,17:01,0,1,5,0,1,2,2,4,1,2,3,1,1,0,0,2,0,0,,,,560928,560962,3970346
0.0,Suzi-Rose Deegan,G,22:51,1,6,10,2,3,2,2,16,0,2,2,4,2,1,0,3,0,0,,,,560706,560551,3970348
3.0,Katie Donovan,G,23:23,0,1,4,0,1,0,0,2,0,1,1,1,2,1,0,0,0,0,,,,560706,560551,3970348
21.0,Charlise Dunn,G,20:37,0,5,7,3,5,4,5,17,3,0,3,2,0,1,1,1,0,0,,,,560706,560551,3970348
1.0,Mallorie Haines,G,21:26,1,3,6,3,4,3,4,12,2,1,3,0,2,2,0,2,0,0,,,,560706,560551,3970348
22.0,Sylvie Jackson,G,13:16,0,0,2,0,2,0,2,0,0,0,0,1,1,0,0,4,0,0,,,,560706,560551,3970348
4.0,Issy Morgan,G,18:35,1,5,6,1,1,3,3,14,0,0,0,4,0,4,0,0,0,0,,,,560706,560551,3970348
9.0,Chloe Oliver,G,14:30,0,2,5,0,2,2,4,6,1,3,4,1,4,0,0,4,0,0,,,,560706,560551,3970348
14.0,Maddie Plank,G,22:36,0,0,5,0,2,0,0,0,6,3,9,0,1,1,1,4,0,0,,,,560706,560551,3970348
10.0,Millie Prior,F,20:59,1,1,3,0,0,3,4,5,0,3,3,0,0,3,2,2,0,0,,,,560706,560551,3970348
33.0,Elle Sutphin,F,21:47,1,6,9,0,1,2,2,14,0,4,4,1,2,2,2,2,0,0,,,,560706,560551,3970348
45.0,Mae Afoa,F,9:41,0,0,1,0,0,4,6,4,0,3,3,0,2,0,0,0,0,0,,,,560551,560706,3970348
22.0,Gracie Barnes,G,13:40,0,2,4,0,1,0,0,4,1,0,1,0,0,0,0,2,0,0,,,,560551,560706,3970348
23.0,Maggie Brown,F,12:58,0,1,3,0,0,1,2,3,0,1,1,0,2,0,0,0,0,0,,,,560551,560706,3970348
0.0,Zora Fray-Chinn,G,9:32,0,1,2,1,1,0,0,3,0,0,0,0,3,0,0,1,0,0,,,,560551,560706,3970348
21.0,Rebekah Gordon,F,21:53,1,3,6,1,1,0,2,7,0,1,1,1,3,0,0,1,0,0,,,,560551,560706,3970348
14.0,Trinity Johnson,G,26:53,1,1,7,0,1,0,0,2,0,4,4,5,6,0,0,3,0,0,,,,560551,560706,3970348
1.0,Jeni Levine,G,27:29,1,2,4,0,1,0,0,4,0,0,0,1,4,1,0,4,0,0,,,,560551,560706,3970348
12.0,Cali Levine,G,11:10,0,1,1,1,1,0,0,3,0,1,1,0,1,0,0,4,0,0,,,,560551,560706,3970348
33.0,AC Markham,F,25:48,1,3,4,1,1,0,0,7,0,4,4,2,4,0,1,4,0,0,,,,560551,560706,3970348
3.0,Dakota Reeves,G,25:12,1,2,4,2,4,0,0,6,0,2,2,0,2,0,0,0,0,0,,,,560551,560706,3970348
11.0,Isabell West,G,9:08,0,2,5,0,0,1,4,5,2,0,2,0,0,0,0,1,0,0,,,,560551,560706,3970348
2.0,Macy Wike,G,6:36,0,0,0,0,0,3,4,3,0,0,0,0,0,0,0,2,0,0,,,,560551,560706,3970348
3.0,Alexa Brodie,G,34:52,1,5,7,0,1,1,2,11,0,2,2,4,2,0,1,1,0,0,,,,560686,560698,3970349
13.0,Sophia Diehl,F,30:20,1,4,9,0,2,0,0,8,3,3,6,1,1,0,0,0,0,0,,,,560686,560698,3970349
41.0,Abbey Ferguson,G,9:55,0,0,1,0,1,0,0,0,0,1,1,0,1,0,0,1,0,0,,,,560686,560698,3970349
5.0,Taylor Golembiewski,G,30:58,1,7,12,1,3,7,8,22,1,1,2,0,6,2,0,2,0,0,,,,560686,560698,3970349
1.0,Morgan McMahon,G,28:53,0,3,11,0,1,6,9,12,1,2,3,0,1,0,0,2,0,0,,,,560686,560698,3970349
11.0,Tiasia McMillan,F,32:05,1,5,8,0,0,4,8,14,4,5,9,4,2,0,5,3,0,0,,,,560686,560698,3970349
2.0,Christina Midgette,G,12:04,0,0,0,0,0,0,0,0,1,2,3,0,2,0,0,4,0,0,,,,560686,560698,3970349
4.0,Madison Schiller,G,20:53,1,2,5,0,1,0,0,4,0,1,1,0,1,1,0,5,1,0,,,,560686,560698,3970349
12.0,Mia Beam,G,18:17,1,2,3,0,1,2,2,6,0,0,0,0,0,1,0,1,0,0,,,,560698,560686,3970349
2.0,Val Garcia-Martinez,G,2:07,0,0,0,0,0,0,0,0,0,0,0,0,0,0,0,0,0,0,,,,560698,560686,3970349
4.0,Sarah Hathorn,G,8:01,0,0,1,0,1,0,0,0,0,0,0,0,0,1,0,0,0,0,,,,560698,560686,3970349
20.0,Kaya Ingram,G,36:27,1,4,11,0,2,7,10,15,0,5,5,6,0,3,0,3,0,0,,,,560698,560686,3970349
22.0,Clarke Jackson,G,30:53,0,2,5,0,1,1,2,5,1,0,1,1,3,1,0,2,0,0,,,,560698,560686,3970349
5.0,Rachel Kaus,G,13:35,0,4,5,0,0,0,1,8,2,2,4,2,2,0,0,3,0,0,,,,560698,560686,3970349
10.0,Azareya Kilgoe,G,10:48,1,3,6,0,0,0,0,6,0,0,0,1,5,0,0,5,1,0,,,,560698,560686,3970349
3.0,Vivienne Knee,G,15:34,0,2,2,1,1,2,2,7,0,3,3,0,1,0,0,1,0,0,,,,560698,560686,3970349
31.0,Emily Pape,F,16:52,1,3,9,0,1,0,0,6,1,1,2,0,3,3,0,3,0,0,,,,560698,560686,3970349
24.0,Summer Parker-Hall,F,22:23,1,1,3,0,0,1,1,3,2,2,4,1,3,0,0,5,1,0,,,,560698,560686,3970349
15.0,Maya Watts,C,25:03,0,1,4,0,0,2,4,4,0,2,2,1,3,2,0,2,0,0,,,,560698,560686,3970349
33.0,Emily Archibald,F,10:53,0,0,0,0,0,0,0,0,0,2,2,0,2,0,0,1,0,0,,,,561030,560779,3970350
23.0,Sarah Bandoma,C,11:06,0,0,2,0,0,2,4,2,1,1,2,0,2,1,0,2,0,0,,,,561030,560779,3970350
32.0,Kendall Eddy,G,6:33,0,0,0,0,0,0,0,0,0,2,2,0,1,0,0,0,0,0,,,,561030,560779,3970350
2.0,Grace Efosa,G,29:28,1,6,7,1,1,8,9,21,1,5,6,1,2,3,1,0,0,0,,,,561030,560779,3970350
22.0,Brynn Farrell,G,19:52,1,1,3,0,0,0,0,2,0,4,4,1,3,2,1,3,0,0,,,,561030,560779,3970350
5.0,Sophi Hall,G,9:18,0,1,4,1,3,0,0,3,0,1,1,1,0,0,1,0,0,0,,,,561030,560779,3970350
24.0,Audrey Koch,G,8:20,0,2,4,0,1,0,0,4,0,1,1,0,0,2,0,0,0,0,,,,561030,560779,3970350
30.0,Kammie Ludwig,G,3:56,0,0,0,0,0,0,0,0,0,1,1,0,1,0,0,1,0,0,,,,561030,560779,3970350
12.0,Bella McLaughlin,G,2:12,0,0,1,0,0,0,0,0,0,0,0,0,0,0,0,0,0,0,,,,561030,560779,3970350
13.0,Marta Morales,F,33:10,1,4,7,3,5,2,2,13,0,6,6,4,6,3,0,0,0,0,,,,561030,560779,3970350
31.0,Olivia Olsen,F,24:26,1,9,11,0,0,7,7,25,4,4,8,2,2,0,2,1,0,0,,,,561030,560779,3970350
1.0,Kylee Sheppard,G,25:46,1,1,5,0,2,2,2,4,0,2,2,8,2,1,1,4,0,0,,,,561030,560779,3970350
10.0,Ugne Sirtautaite,F,15:00,0,1,2,0,0,0,0,2,0,2,2,2,0,1,0,0,0,0,,,,561030,560779,3970350
4.0,Arlisha Boston,G,6:01,0,0,1,0,0,0,0,0,1,0,1,0,1,0,0,3,0,0,,,,560779,561030,3970350
2.0,Malaka Cobb,F,8:00,1,1,2,0,0,0,0,2,0,0,0,0,2,1,0,2,0,0,,,,560779,561030,3970350
24.0,Aisha Dabo,F,24:56,0,2,8,1,2,0,0,5,2,2,4,0,3,1,1,1,0,0,,,,560779,561030,3970350
1.0,Le'Asia Foreman,G,26:01,1,1,5,0,0,0,0,2,1,0,1,0,0,1,0,2,0,0,,,,560779,561030,3970350
0.0,Camryn Hill,G,31:17,1,7,23,3,8,3,4,20,0,1,1,0,3,1,1,4,0,0,,,,560779,561030,3970350
10.0,Tyra Kennedy,G,34:05,0,0,7,0,2,0,0,0,0,1,1,2,3,1,1,2,0,0,,,,560779,561030,3970350
11.0,Zaiha Minnis,F,7:46,0,0,0,0,0,0,0,0,0,0,0,0,0,0,0,0,0,0,,,,560779,561030,3970350
22.0,Amyah Reaves,G,32:16,1,5,10,0,1,5,6,15,3,2,5,3,5,4,0,4,0,0,,,,560779,561030,3970350
14.0,Ariana Wilkes,F,29:38,1,1,3,0,0,0,2,2,1,4,5,0,1,1,0,2,0,0,,,,560779,561030,3970350
15.0,Azana Baines,F,19:09,1,4,9,0,2,0,0,8,3,3,6,2,2,3,2,0,0,0,,,,561079,560814,3970352
24.0,Joniyah Bland-Fitzpatrick,F,8:42,0,1,3,0,1,0,0,2,0,0,0,0,1,0,0,2,0,0,,,,561079,560814,3970352
5.0,Savannah Catalon,G,15:20,0,2,3,0,1,3,3,7,0,1,1,0,0,0,0,3,0,0,,,,561079,560814,3970352
25.0,A'Jah Davis,F,20:36,1,3,5,0,0,0,0,6,2,5,7,0,2,0,0,1,0,0,,,,561079,560814,3970352
3.0,Micah Gray,G,19:55,1,4,5,1,1,2,3,11,0,0,0,1,0,1,0,0,0,0,,,,561079,560814,3970352
1.0,Sha'Lynn Hagans,G,13:26,0,3,8,0,4,0,0,6,1,2,3,0,0,3,0,0,0,0,,,,561079,560814,3970352
2.0,I'yanna Lops,F,16:44,0,2,3,1,2,0,0,5,1,5,6,0,1,1,1,1,0,0,,,,561079,560814,3970352
10.0,Shannon Mulroy,G,14:38,0,0,3,0,1,0,0,0,0,0,0,2,1,0,0,2,0,0,,,,561079,560814,3970352
21.0,Shailyn Pinkney,F,20:01,1,2,5,0,1,1,1,5,0,2,2,0,0,0,0,0,0,0,,,,561079,560814,3970352
13.0,Kae Satterfield,F,13:32,0,3,6,0,0,2,2,8,1,1,2,1,3,2,0,1,0,0,,,,561079,560814,3970352
0.0,Makennah White,F,14:47,0,4,8,0,0,0,0,8,6,2,8,2,0,2,0,0,0,0,,,,561079,560814,3970352
22.0,Amari Wright,G,23:10,1,2,4,1,2,4,4,9,0,1,1,6,1,2,0,1,0,0,,,,561079,560814,3970352
43.0,Ally Carman,C,14:58,0,2,4,0,0,0,2,4,2,4,6,0,4,0,2,1,0,0,,,,560814,561079,3970352
4.0,Ale Civera,G,6:30,0,0,0,0,0,0,0,0,0,1,1,1,1,0,0,3,0,0,,,,560814,561079,3970352
41.0,Sierra DeAngelo,F,25:02,1,1,5,1,1,1,2,4,0,2,2,1,2,0,1,0,0,0,,,,560814,561079,3970352
22.0,Emma Donnelly,F,4:41,0,0,1,0,0,0,0,0,0,0,0,0,1,0,0,2,0,0,,,,560814,561079,3970352
10.0,Ella Fajardo,G,32:37,1,1,8,0,3,3,4,5,2,5,7,3,5,0,0,1,0,0,,,,560814,561079,3970352
6.0,Judith Gomez,G,34:33,1,2,7,1,6,0,0,5,1,0,1,0,4,0,0,2,0,0,,,,560814,561079,3970352
5.0,Petra Oborilova,F,32:45,1,3,8,1,2,0,0,7,0,0,0,0,1,1,0,0,0,0,,,,560814,561079,3970352
1.0,Natalia Otkhmezuri,G,25:38,1,3,6,1,2,0,0,7,0,4,4,0,3,0,0,2,0,0,,,,560814,561079,3970352
30.0,Zoey Ward,F,2:34,0,0,1,0,0,0,0,0,0,0,0,0,0,0,0,1,0,0,,,,560814,561079,3970352
14.0,Mya Zaccagnini,G,20:42,0,0,3,0,1,0,0,0,0,1,1,2,2,0,0,1,0,0,,,,560814,561079,3970352
15.0,Sania Copeland,G,22:26,0,4,4,2,2,0,0,10,0,1,1,4,2,1,0,3,0,0,,,,561227,561229,3954148
12.0,Tessa Grady,F,0:54,0,0,0,0,0,0,0,0,0,0,0,0,0,0,0,1,0,0,,,,561227,561229,3954148
11.0,Ana Guillen,F,12:03,0,0,2,0,1,0,0,0,1,0,1,0,3,0,0,0,0,0,,,,561227,561229,3954148
23.0,D'Yanis Jimenez,G,34:39,1,5,13,1,2,5,6,16,0,5,5,3,5,1,0,3,0,0,,,,561227,561229,3954148
31.0,Imbie Jones,F,3:00,0,0,0,0,0,0,0,0,0,0,0,0,0,1,0,1,0,0,,,,561227,561229,3954148
24.0,Natalie Leuzinger,G,29:54,1,2,5,1,3,0,0,5,1,2,3,1,2,0,0,2,0,0,,,,561227,561229,3954148
5.0,Leena Patibandla,G,1:56,0,0,1,0,1,0,0,0,0,0,0,0,0,0,0,1,0,0,,,,561227,561229,3954148
13.0,Ronnie Porter,G,36:24,1,2,7,1,5,2,4,7,1,6,7,3,4,4,0,1,0,0,,,,561227,561229,3954148
3.0,Brooke Schramek,G,28:45,1,1,4,0,3,4,6,6,0,5,5,1,1,0,0,3,0,0,,,,561227,561229,3954148
25.0,Serah Williams,F,29:59,1,6,14,1,2,5,10,18,6,8,14,1,8,4,3,3,0,0,,,,561227,561229,3954148
32.0,Jorey Buwalda,F,2:39,0,0,0,0,0,0,0,0,0,0,0,0,3,1,0,2,0,0,,,,561229,561227,3954148
22.0,Angie Cera,G,29:57,1,1,5,1,3,2,2,5,0,3,3,0,5,1,0,5,1,0,,,,561229,561227,3954148
5.0,Grace Crowley,F,28:20,1,0,2,0,0,2,2,2,1,8,9,0,4,3,0,4,0,0,,,,561229,561227,3954148
24.0,Jada Donaldson,G,29:42,0,1,5,0,0,2,2,4,1,1,2,2,3,0,0,1,0,0,,,,561229,561227,3954148
1.0,Vanessa Jurewicz,G,9:12,0,1,3,0,1,0,0,2,0,1,1,0,4,0,0,3,0,0,,,,561229,561227,3954148
4.0,Anna Lutz,F,17:38,1,3,5,1,2,0,0,7,2,5,7,0,0,0,0,5,1,0,,,,561229,561227,3954148
30.0,Kendall Nead,G,26:22,1,8,22,2,9,0,0,18,4,1,5,0,4,0,0,1,0,0,,,,561229,561227,3954148
23.0,Kamy Peppler,G,32:46,1,3,11,2,9,1,3,9,1,5,6,7,3,4,0,2,0,0,,,,561229,561227,3954148
2.0,Jada Williams,G,23:24,0,0,3,0,1,4,7,4,3,2,5,1,2,2,0,2,0,0,,,,561229,561227,3954148
43.0,Makayla Daniels,G,33:27,1,7,11,3,5,0,0,17,2,0,2,1,0,2,0,4,0,0,,,,560599,560971,3970351
30.0,Maryam Dauda,F,27:08,1,1,5,0,3,2,4,4,2,5,7,0,5,0,2,3,0,0,,,,560599,560971,3970351
13.0,Sasha Goforth,G,18:33,0,1,5,0,2,2,8,4,2,5,7,0,0,3,3,2,0,0,,,,560599,560971,3970351
23.0,Carly Keats,G,18:09,0,0,7,0,6,4,5,4,0,0,0,0,2,2,0,1,0,0,,,,560599,560971,3970351
4.0,Saylor Poffenbarger,G,37:51,1,3,12,0,5,1,2,7,3,18,21,1,2,1,1,1,0,0,,,,560599,560971,3970351
0.0,Taliah Scott,G,32:13,1,9,20,2,8,9,13,29,1,5,6,1,2,0,0,2,0,0,,,,560599,560971,3970351
2.0,Samara Spencer,G,30:29,1,3,7,0,1,10,12,16,1,7,8,2,5,1,0,0,0,0,,,,560599,560971,3970351
10.0,Cristina Sánchez Cerqueira,G,2:09,0,0,2,0,0,0,0,0,1,1,2,0,0,0,0,0,0,0,,,,560599,560971,3970351
2.0,Daisha Bradford,G,34:18,1,6,22,2,8,0,0,14,1,7,8,5,3,1,0,4,0,0,,,,560971,560599,3970351
22.0,Lauren Gross,G,31:55,1,3,7,1,5,0,0,7,0,8,8,0,1,2,0,4,0,0,,,,560971,560599,3970351
37.0,Brianna Harris,F,28:14,1,2,11,0,2,1,1,5,1,4,5,0,3,0,0,4,0,0,,,,560971,560599,3970351
3.0,Jakayla Johnson,G,34:26,1,13,17,2,4,6,9,34,0,7,7,2,5,2,0,2,0,0,,,,560971,560599,3970351
0.0,Olivia Knight,G,3:15,0,0,2,0,1,0,0,0,0,2,2,1,0,0,0,0,0,0,,,,560971,560599,3970351
21.0,Katlyn Manuel,F,19:51,0,1,3,0,0,0,0,2,1,1,2,0,2,2,1,4,0,0,,,,560971,560599,3970351
11.0,Kyjai Miles,F,24:39,1,1,3,0,0,0,0,2,0,3,3,0,1,1,1,4,0,0,,,,560971,560599,3970351
14.0,Myca Trail,F,1:17,0,0,1,0,0,0,0,0,0,0,0,0,0,0,0,3,0,0,,,,560971,560599,3970351
8.0,Sania Wells,G,22:06,0,4,13,2,6,2,2,12,0,5,5,2,1,0,0,4,0,0,,,,560971,560599,3970351
33.0,Kyrah Brodie,C,16:23,0,3,4,0,0,1,2,7,0,0,0,0,0,3,2,4,0,0,,,,561017,560660,3970335
15.0,Myra Gordon,G,33:47,1,6,10,2,3,3,4,17,0,4,4,5,6,5,0,3,0,0,,,,561017,560660,3970335
31.0,Megan Harkey,F,2:44,0,0,0,0,0,0,0,0,1,0,1,1,1,0,0,2,0,0,,,,561017,560660,3970335
1.0,Hailey Johnson,G,4:58,0,0,1,0,0,0,0,0,0,0,0,0,1,0,0,0,0,0,,,,561017,560660,3970335
13.0,Emerita Mashaire,F,26:28,1,2,6,1,3,2,4,7,0,2,2,1,5,0,0,3,0,0,,,,561017,560660,3970335
0.0,Addi Melone,G,31:32,1,4,11,3,5,0,0,11,0,6,6,4,4,1,0,3,0,0,,,,561017,560660,3970335
10.0,Jane Nwaba,F,31:47,1,4,10,1,3,0,1,9,4,7,11,3,5,0,1,4,0,0,,,,561017,560660,3970335
24.0,Jorynn Ross,F,26:13,1,2,3,0,0,0,0,4,0,4,4,2,1,0,0,2,0,0,,,,561017,560660,3970335
32.0,Maggie Vick,F,26:10,0,4,5,0,0,0,0,8,0,5,5,0,0,1,0,1,0,0,,,,561017,560660,3970335
24.0,Nevaeh Dean,F,24:33,1,1,5,0,0,1,2,3,4,1,5,2,0,4,0,2,0,0,,,,560660,561017,3970335
22.0,Clara Djoko,F,15:09,1,0,1,0,0,0,0,0,0,3,3,0,1,1,1,2,0,0,,,,560660,561017,3970335
33.0,Caiyle Kaupu,F,1:30,0,0,0,0,0,0,0,0,0,0,0,0,0,0,0,0,0,0,,,,560660,561017,3970335
23.0,Diaba Konate,G,33:56,1,2,12,0,2,2,4,6,2,0,2,3,1,2,0,3,0,0,,,,560660,561017,3970335
13.0,Deja Lee,G,31:16,1,7,18,2,7,7,7,23,5,1,6,2,2,0,0,4,0,0,,,,560660,561017,3970335
12.0,Shirel Nahum,G,12:53,0,0,0,0,0,2,2,2,0,2,2,0,5,1,0,1,0,0,,,,560660,561017,3970335
32.0,Nevaeh Parkinson,F,20:20,0,3,5,0,0,1,4,7,4,5,9,0,3,0,0,3,0,0,,,,560660,561017,3970335
11.0,Amelia Scharpf,G,22:10,0,1,9,1,4,0,0,3,0,1,1,1,2,0,0,0,0,0,,,,560660,561017,3970335
3.0,Nikki Tom,G,38:13,1,4,13,3,9,3,3,14,0,3,3,1,0,4,0,3,0,0,,,,560660,561017,3970335
2.0,Zoe Borter,F,3:04,0,0,0,0,0,0,0,0,0,1,1,0,0,0,0,0,0,0,,,,560653,561073,3970347
5.0,Olivia Bradley,F,16:38,0,1,2,0,0,0,0,2,0,4,4,0,1,0,0,1,0,0,,,,560653,561073,3970347
55.0,Skylar Burke,G,28:00,1,5,9,1,2,1,2,12,1,7,8,1,2,1,1,4,0,0,,,,560653,561073,3970347
10.0,Anya Choice,G,21:17,1,3,7,1,2,0,0,7,0,0,0,2,1,0,1,4,0,0,,,,560653,561073,3970347
13.0,Flora Goed,C,23:50,1,4,6,0,0,0,0,8,2,0,2,3,2,0,0,3,0,0,,,,560653,561073,3970347
32.0,Jessica Grant,G,22:30,0,4,11,4,11,0,0,12,0,1,1,1,0,1,0,0,0,0,,,,560653,561073,3970347
3.0,Alyssa Marin,G,23:36,1,4,9,2,4,4,4,14,0,1,1,7,2,2,0,3,0,0,,,,560653,561073,3970347
15.0,Mary McMorris,G,23:38,0,3,7,0,2,2,2,8,0,0,0,6,1,0,2,2,0,0,,,,560653,561073,3970347
20.0,Laurel Rockwood,C,9:14,0,1,3,0,0,0,0,2,1,0,1,0,1,0,0,2,0,0,,,,560653,561073,3970347
23.0,Alexis Whitfield,F,28:14,1,9,13,1,3,3,4,22,0,12,12,4,4,1,1,0,0,0,,,,560653,561073,3970347
13.0,Debora Dos Santos,F,28:14,1,5,8,0,0,1,2,11,4,8,12,3,8,3,1,1,0,0,,,,561073,560653,3970347
32.0,Cami Fulcher,G,30:03,1,3,5,1,3,2,2,9,0,4,4,4,2,2,0,3,0,0,,,,561073,560653,3970347
11.0,Jasmine Gayles,G,38:12,1,10,25,3,9,7,9,30,0,3,3,5,4,1,0,2,0,0,,,,561073,560653,3970347
14.0,Marina Hernandez,F,2:40,0,0,0,0,0,0,0,0,0,2,2,0,0,0,0,0,0,0,,,,561073,560653,3970347
20.0,Aya Kéita,G,22:51,0,2,6,2,5,0,0,6,1,1,2,1,1,3,0,2,0,0,,,,561073,560653,3970347
1.0,Luana Leite,G,28:16,1,1,5,0,0,2,4,4,0,1,1,2,5,1,0,3,0,0,,,,561073,560653,3970347
22.0,Paula Tirado,G,16:36,0,2,4,2,3,0,0,6,0,0,0,1,1,0,0,4,0,0,,,,561073,560653,3970347
12.0,Freja Werth,G,33:08,1,3,9,2,8,1,2,9,0,4,4,2,1,0,0,2,0,0,,,,561073,560653,3970347
4.0,Anna Gret Asi,G,33:51,1,4,9,0,2,4,4,12,1,3,4,4,4,2,0,2,0,0,,,,560997,560950,3970364
1.0,Ale'Jah Douglas,G,5:34,0,0,0,0,0,0,0,0,0,0,0,0,1,0,0,0,0,0,,,,560997,560950,3970364
2.0,Kennedy Fauntleroy,G,14:12,0,2,5,0,0,1,2,5,0,3,3,0,1,0,0,0,0,0,,,,560997,560950,3970364
12.0,Lior Garzon,F,30:31,1,1,7,1,5,1,2,4,0,1,1,0,0,0,3,0,0,0,,,,560997,560950,3970364
32.0,Stailee Heard,G,28:24,1,7,8,0,1,1,3,15,0,5,5,1,1,0,0,3,0,0,,,,560997,560950,3970364
23.0,Brianna Jackson,F,5:52,0,2,2,0,0,0,1,4,0,1,1,0,0,0,0,1,0,0,,,,560997,560950,3970364
11.0,Rylee Langerman,G,25:09,1,4,7,1,2,5,5,14,1,5,6,3,1,3,0,3,0,0,,,,560997,560950,3970364
0.0,Quincy Noble,G,27:29,1,3,9,2,4,0,0,8,0,2,2,2,3,2,1,2,0,0,,,,560997,560950,3970364
5.0,Chandler Prater,G,28:58,0,4,10,0,1,4,4,12,3,4,7,4,5,5,1,0,0,0,,,,560997,560950,3970364
5.0,Alexis Calderon,G,18:27,0,4,6,1,2,0,0,9,0,2,2,0,4,2,1,3,0,0,,,,560950,560997,3970364
31.0,Zoe Cooper,F,31:03,1,4,5,0,0,2,2,10,3,4,7,1,1,0,0,3,0,0,,,,560950,560997,3970364
4.0,Kristen Crenshaw-Gill,G,4:36,0,1,2,1,2,0,0,3,0,2,2,1,0,0,0,0,0,0,,,,560950,560997,3970364
14.0,Kyla Davis,G,2:44,0,0,0,0,0,0,0,0,0,0,0,0,0,0,0,0,0,0,,,,560950,560997,3970364
1.0,Evangelia Davlakou,G,7:38,0,1,2,1,2,0,0,3,0,0,0,0,1,0,0,1,0,0,,,,560950,560997,3970364
32.0,Brianna Ellis,G,20:33,1,2,2,1,1,2,2,7,0,3,3,1,1,3,0,3,0,0,,,,560950,560997,3970364
33.0,Jayla Kimbrough,G,20:48,1,1,6,0,1,1,2,3,0,2,2,0,3,0,0,3,0,0,,,,560950,560997,3970364
23.0,DeArica Pryor,G,40:00,1,8,19,0,3,7,8,23,0,4,4,3,2,2,0,3,0,0,,,,560950,560997,3970364
20.0,Justice Ross,G,34:34,0,2,11,2,4,0,0,6,0,2,2,2,2,1,1,0,0,0,,,,560950,560997,3970364
10.0,Nahja Scott,F,12:51,1,0,3,0,0,0,0,0,0,3,3,0,2,0,0,3,0,0,,,,560950,560997,3970364
11.0,Imani Williams,G,6:46,0,1,1,0,0,0,0,2,0,0,0,0,1,0,0,1,0,0,,,,560950,560997,3970364
23.0,Daniela Abies,F,26:46,1,6,10,0,0,0,0,12,3,2,5,1,0,1,1,1,0,0,,,,561219,561252,3970358
13.0,Ella Anciaux,C,10:21,0,1,1,0,0,1,2,3,1,2,3,0,1,1,0,3,0,0,,,,561219,561252,3970358
25.0,Salese Blow,G,18:49,0,3,6,1,1,2,3,9,0,2,2,0,2,0,0,0,0,0,,,,561219,561252,3970358
3.0,Tre'Zure Jobe,G,30:31,1,6,14,0,5,1,4,13,0,1,1,0,0,1,1,1,0,0,,,,561219,561252,3970358
22.0,Ambah Kowcun,G,6:59,0,1,2,0,0,0,1,2,0,1,1,0,1,0,0,0,0,0,,,,561219,561252,3970358
1.0,DJ McCarty,G,24:10,1,2,8,0,2,3,3,7,1,7,8,2,2,3,0,0,0,0,,,,561219,561252,3970358
4.0,Jayla Murray,F,15:53,1,4,9,0,0,0,0,8,3,5,8,1,2,2,0,2,0,0,,,,561219,561252,3970358
5.0,Ornella Niankan,F,31:54,1,1,6,0,1,0,0,2,2,3,5,1,1,1,0,1,0,0,,,,561219,561252,3970358
12.0,Raissa Nsabua,G,11:51,0,0,2,0,2,0,0,0,0,0,0,0,0,1,0,2,0,0,,,,561219,561252,3970358
45.0,Jeniah Thompson,G,22:46,0,1,6,0,2,2,4,4,2,7,9,4,1,1,0,1,0,0,,,,561219,561252,3970358
34.0,Bryanna Brady,C,28:55,1,1,5,0,0,0,0,2,1,2,3,0,4,0,0,3,0,0,,,,561252,561219,3970358
3.0,Ashley Carrillo,G,29:14,1,3,7,0,2,0,0,6,1,4,5,5,2,1,0,0,0,0,,,,561252,561219,3970358
22.0,Nuria Cunill,F,6:36,0,0,2,0,0,0,0,0,2,2,4,0,0,0,0,1,0,0,,,,561252,561219,3970358
2.0,Laila Grant,G,3:56,0,0,1,0,1,0,0,0,0,0,0,1,0,0,0,0,0,0,,,,561252,561219,3970358
1.0,Natalie Herrin,G,9:32,0,2,2,1,1,0,0,5,0,0,0,0,0,1,0,1,0,0,,,,561252,561219,3970358
0.0,Dennaye Hinds,F,6:41,0,0,1,0,0,0,0,0,1,0,1,0,1,0,0,2,0,0,,,,561252,561219,3970358
35.0,Aubrie Kierscht,G,20:03,1,1,8,0,6,0,0,2,0,2,2,1,2,0,0,1,0,0,,,,561252,561219,3970358
15.0,Paige Kindseth,G,5:52,0,0,3,0,2,0,0,0,1,2,3,0,0,0,0,0,0,0,,,,561252,561219,3970358
5.0,Christina Kline,G,29:15,1,4,9,1,4,2,2,11,2,4,6,2,2,1,0,4,0,0,,,,561252,561219,3970358
11.0,Sonia Sato,G,4:51,0,2,3,0,1,0,0,4,0,0,0,0,0,0,0,2,0,0,,,,561252,561219,3970358
23.0,Laney Scoggins,G,18:09,0,2,7,1,3,1,2,6,3,5,8,0,0,0,0,3,0,0,,,,561252,561219,3970358
4.0,Tilda Sjökvist,G,36:56,1,2,14,0,7,1,4,5,1,5,6,1,5,1,0,1,0,0,,,,561252,561219,3970358
3.0,Amaris Baker,G,34:47,1,4,10,2,7,4,6,14,3,4,7,2,2,0,0,1,0,0,,,,560722,560957,3970359
5.0,Chloe Hodges,F,31:50,1,2,6,0,1,3,3,7,1,0,1,2,1,1,0,1,0,0,,,,560722,560957,3970359
23.0,Momo LaClair,G,14:24,0,1,1,0,0,0,0,2,0,1,1,2,0,1,0,1,0,0,,,,560722,560957,3970359
15.0,Brooke Mullin,G,24:32,1,3,10,1,7,0,0,7,1,0,1,2,4,0,0,3,0,0,,,,560722,560957,3970359
12.0,Grace O'Neill,G,40:00,1,5,9,2,5,0,0,12,3,3,6,3,1,0,0,1,0,0,,,,560722,560957,3970359
2.0,Hetta Saatman,F,22:16,1,1,3,0,1,0,1,2,2,2,4,1,1,0,1,2,0,0,,,,560722,560957,3970359
13.0,Erin Sweeney,G,2:53,0,0,0,0,0,0,0,0,0,0,0,0,1,0,0,0,0,0,,,,560722,560957,3970359
21.0,Jasmine Valentine,F,29:18,0,2,7,0,0,1,2,5,0,4,4,0,0,0,1,2,0,0,,,,560722,560957,3970359
1.0,Da'Brya Clark,G,20:37,0,0,3,0,2,3,4,3,2,1,3,2,2,0,0,2,0,0,,,,560957,560722,3970359
12.0,Makoye Diawara,F,26:28,1,2,9,0,1,1,1,5,4,3,7,0,1,0,0,2,0,0,,,,560957,560722,3970359
2.0,Niya Fields,G,37:28,1,2,4,1,1,0,0,5,0,1,1,7,2,1,0,2,0,0,,,,560957,560722,3970359
30.0,Paris Mullins,F,7:22,0,0,2,0,0,0,0,0,1,0,1,0,0,1,0,0,0,0,,,,560957,560722,3970359
4.0,Anjanae Richardson,G,20:30,0,5,12,3,7,1,2,14,0,0,0,1,0,2,0,1,0,0,,,,560957,560722,3970359
13.0,Skye Robinson,F,13:22,0,1,2,0,0,0,0,2,1,0,1,0,0,1,0,3,0,0,,,,560957,560722,3970359
22.0,Kierra Wheeler,F,33:21,1,7,13,0,0,1,2,15,3,6,9,2,2,0,1,2,0,0,,,,560957,560722,3970359
0.0,Crystal White,G,11:48,1,1,2,1,1,0,0,3,0,0,0,1,0,1,0,1,0,0,,,,560957,560722,3970359
24.0,Danaijah Williams,G,29:04,1,2,5,0,0,0,0,4,1,2,3,1,2,2,0,3,0,0,,,,560957,560722,3970359
15.0,Kylie Buckley,F,12:26,0,2,3,0,0,2,3,6,4,1,5,0,0,0,0,3,0,0,,,,560952,561053,3970400
20.0,Marlie Dickerson,G,25:23,0,1,4,0,1,1,2,3,0,3,3,2,1,0,0,3,0,0,,,,560952,561053,3970400
1.0,Shelby Fiddler,G,15:16,0,3,6,3,5,1,2,10,2,0,2,1,1,1,0,3,0,0,,,,560952,561053,3970400
25.0,Saige Glover,F,13:39,0,1,1,0,0,0,1,2,2,2,4,1,1,1,0,2,0,0,,,,560952,561053,3970400
0.0,Chardonnay Hartley,G,27:58,1,3,13,1,3,1,4,8,3,1,4,5,4,6,0,2,0,0,,,,560952,561053,3970400
5.0,Aaliyah Parker,G,21:51,1,5,15,0,1,2,2,12,2,3,5,2,2,2,0,3,0,0,,,,560952,561053,3970400
21.0,Lore Porter,G,14:09,1,4,4,3,3,0,0,11,0,0,0,0,2,0,0,1,0,0,,,,560952,561053,3970400
3.0,Lexie Roe,G,5:17,0,0,1,0,0,0,0,0,1,0,1,1,1,0,0,0,0,0,,,,560952,561053,3970400
14.0,Alyssa Rossignol,F,16:54,0,3,10,0,1,0,0,6,1,5,6,1,1,2,0,2,0,0,,,,560952,561053,3970400
10.0,Amelia Strong,F,25:20,1,3,8,0,0,1,2,7,6,4,10,2,1,2,2,5,1,0,,,,560952,561053,3970400
13.0,Destiny Strother,G,21:47,1,4,16,2,9,0,0,10,2,4,6,0,0,2,0,2,0,0,,,,560952,561053,3970400
33.0,Claire Cody,F,25:20,0,0,2,0,2,0,0,0,4,2,6,0,1,0,0,2,0,0,,,,561053,560952,3970400
11.0,Kirah Dandridge,G,13:11,0,1,3,0,1,0,0,2,1,2,3,0,4,0,0,4,0,0,,,,561053,560952,3970400
13.0,Maddie Dziezgowski,G,35:20,1,2,9,1,7,1,4,6,0,6,6,4,1,1,0,2,0,0,,,,561053,560952,3970400
24.0,Payton Fields,G,31:48,0,2,7,0,2,5,6,9,1,1,2,1,2,0,0,3,0,0,,,,561053,560952,3970400
10.0,Tianna Johnson,G,20:33,1,2,5,0,0,4,8,8,0,4,4,0,5,1,0,0,0,0,,,,561053,560952,3970400
2.0,Nadechka Laccen,G,13:32,1,3,5,1,1,3,4,10,2,7,9,1,4,2,0,1,0,0,,,,561053,560952,3970400
14.0,Isabellah Middleton,G,32:16,1,4,10,1,1,0,0,9,2,4,6,0,1,1,1,4,0,0,,,,561053,560952,3970400
12.0,Taylor Napper,F,23:59,1,2,4,0,0,3,6,7,1,3,4,0,5,0,0,3,0,0,,,,561053,560952,3970400
20.0,Tamar voor de Poort,G,4:00,0,0,2,0,0,0,0,0,0,0,0,0,0,0,0,0,0,0,,,,561053,560952,3970400
0.0,Mady Aulbach,G,23:58,0,0,4,0,1,0,0,0,1,2,3,3,1,1,0,1,0,0,,,,561237,561234,3970431
14.0,Abbie Davidson,G,0:15,0,0,0,0,0,0,0,0,0,0,0,0,0,0,0,0,0,0,,,,561237,561234,3970431
20.0,Mackenzie Hurd,G,0:35,0,0,0,0,0,1,2,1,0,0,0,0,0,0,0,0,0,0,,,,561237,561234,3970431
10.0,Dena Jarrells,G,23:57,1,2,7,0,3,0,0,4,0,3,3,4,4,0,0,1,0,0,,,,561237,561234,3970431
22.0,Shay-Lee Kirby,G,27:58,1,2,4,2,3,2,2,8,2,3,5,6,1,1,0,3,0,0,,,,561237,561234,3970431
11.0,Abby Liber,G,9:33,0,1,2,0,1,0,0,2,1,1,2,0,1,0,0,0,0,0,,,,561237,561234,3970431
52.0,Lindsey Linard,C,9:11,0,3,3,0,0,0,0,6,1,1,2,0,0,0,0,1,0,0,,,,561237,561234,3970431
2.0,Malia Magestro,G,31:56,1,4,10,4,8,2,2,14,1,3,4,2,2,3,0,2,0,0,,,,561237,561234,3970431
24.0,Bella Samz,G,0:35,0,0,0,0,0,0,0,0,0,0,0,0,0,0,0,0,0,0,,,,561237,561234,3970431
31.0,Emily Saunders,F,29:52,1,10,15,0,0,0,0,20,2,12,14,0,5,2,2,2,0,0,,,,561237,561234,3970431
32.0,Paige Shy,G,32:52,1,0,6,0,4,0,0,0,1,1,2,4,5,1,1,3,0,0,,,,561237,561234,3970431
23.0,Haley Thierry,G,9:18,0,0,2,0,0,0,0,0,0,0,0,0,1,0,0,0,0,0,,,,561237,561234,3970431
4.0,Nila Blackford,F,27:27,1,5,10,0,0,3,3,13,2,7,9,1,6,4,1,2,0,0,,,,561234,561237,3970431
0.0,Shelby Calhoun,G,18:44,1,1,3,0,0,0,2,2,1,0,1,1,2,0,0,1,0,0,,,,561234,561237,3970431
23.0,Aanaya Harris,G,18:06,0,1,3,0,0,1,2,3,0,0,0,0,0,1,0,0,0,0,,,,561234,561237,3970431
13.0,Lika Kvirkvelia,C,10:05,0,1,2,0,0,0,0,2,0,0,0,2,2,0,0,2,0,0,,,,561234,561237,3970431
44.0,Daniela López,G,19:53,0,3,4,1,2,0,0,7,0,0,0,0,1,1,0,2,0,0,,,,561234,561237,3970431
5.0,Tae'lor Purvis,G,39:48,1,2,8,0,4,0,0,4,1,3,4,1,3,4,1,3,0,0,,,,561234,561237,3970431
15.0,Mackayla Scarlett,G,36:32,1,1,10,0,6,2,2,4,0,4,4,0,2,0,0,2,0,0,,,,561234,561237,3970431
12.0,Kaysia Woods,G,29:24,1,3,11,0,7,0,0,6,0,1,1,0,1,0,1,2,0,0,,,,561234,561237,3970431
12.0,Isaline Alexander,F,15:10,0,4,6,0,0,2,3,10,2,1,3,3,2,2,1,2,0,0,,,,560894,560991,3954415
40.0,Julia Ayrault,G,13:22,1,3,6,0,0,1,1,7,4,1,5,1,0,1,5,1,0,0,,,,560894,560991,3954415
3.0,Gabby Elliott,G,22:24,0,2,8,0,2,1,1,5,3,4,7,3,0,0,0,2,0,0,,,,560894,560991,3954415
0.0,DeeDee Hagemann,G,28:32,1,8,10,5,6,2,2,23,0,4,4,5,2,1,0,2,0,1,,,,560894,560991,3954415
4.0,Theryn Hallock,G,15:51,0,1,4,0,2,0,0,2,0,1,1,2,5,0,0,4,0,0,,,,560894,560991,3954415
22.0,Moira Joiner,G,28:50,1,4,8,4,7,0,0,12,2,6,8,2,3,2,1,2,0,0,,,,560894,560991,3954415
2.0,Abbey Kimball,G,25:14,1,5,9,3,6,0,0,13,0,2,2,5,1,2,0,0,0,0,,,,560894,560991,3954415
21.0,Mary Meng,C,4:45,0,3,4,0,0,0,0,6,1,0,1,0,0,0,0,0,0,0,,,,560894,560991,3954415
1.0,Tory Ozment,G,12:57,0,1,2,0,0,2,2,4,1,3,4,1,3,0,0,1,0,0,,,,560894,560991,3954415
10.0,Bree Robinson,G,4:38,0,0,1,0,1,0,0,0,0,0,0,2,0,1,0,2,0,0,,,,560894,560991,3954415
24.0,Lauren Ross,G,7:01,0,1,4,0,2,0,0,2,1,1,2,0,0,0,0,2,0,0,,,,560894,560991,3954415
11.0,Jocelyn Tate,F,21:17,1,1,7,0,2,1,2,3,1,1,2,0,1,4,1,1,0,0,,,,560894,560991,3954415
0.0,Naveyah Damon,G,3:19,0,0,0,0,0,2,2,2,0,0,0,0,0,0,0,0,0,0,,,,560991,560894,3954415
1.0,Jasmine Dupree-Hebert,G,16:25,0,2,2,1,1,0,0,5,1,1,2,0,0,0,0,0,0,0,,,,560991,560894,3954415
23.0,Alexis Johnson,F,22:59,1,1,9,0,2,0,0,2,3,3,6,2,3,1,0,1,0,0,,,,560991,560894,3954415
10.0,Markyia McCormick,G,22:45,1,3,9,3,5,9,10,18,0,0,0,0,4,0,0,0,0,0,,,,560991,560894,3954415
25.0,Kennedie Montue,G,16:45,0,1,4,1,2,0,0,3,0,1,1,1,1,0,0,0,0,0,,,,560991,560894,3954415
13.0,Eva Pardo-Campillo,F,3:19,0,0,0,0,0,0,0,0,0,1,1,0,0,0,0,0,0,0,,,,560991,560894,3954415
5.0,Brooke Quarles-Daniels,G,26:22,1,4,13,0,0,1,2,9,5,4,9,1,4,1,0,3,0,0,,,,560991,560894,3954415
21.0,Madison Royal-Davis,G,19:48,0,0,3,0,0,1,2,1,0,2,2,2,0,1,0,2,0,0,,,,560991,560894,3954415
2.0,Maddy Skorupski,G,24:08,0,6,11,1,3,1,2,14,0,4,4,4,4,1,0,4,0,0,,,,560991,560894,3954415
3.0,Linda Van Schaik,F,27:16,1,2,7,0,3,0,0,4,1,4,5,2,1,1,0,4,0,0,,,,560991,560894,3954415
12.0,Kianni Westbrook,F,16:54,1,2,4,0,0,0,0,4,0,1,1,0,2,1,0,2,0,0,,,,560991,560894,3954415
4.0,Jillian Brown,G,30:28,1,4,10,1,5,5,5,14,1,12,13,1,3,1,3,3,0,0,,,,561198,560878,3970442
21.0,Kymora Johnson,G,29:40,1,4,15,3,10,4,4,15,0,7,7,2,3,1,0,2,0,0,,,,561198,560878,3970442
41.0,Taylor Lauterbach,C,9:33,0,0,0,0,0,1,2,1,1,3,4,0,3,0,0,1,0,0,,,,561198,560878,3970442
0.0,Olivia McGhee,G,24:19,0,4,8,2,4,2,3,12,1,6,7,0,2,0,2,1,0,0,,,,561198,560878,3970442
12.0,Edessa Noyan,F,15:05,1,2,2,1,1,0,0,5,3,3,6,1,2,1,0,3,0,0,,,,561198,560878,3970442
32.0,Cady Pauley,G,8:52,0,0,5,0,3,0,0,0,0,0,0,1,0,0,0,0,0,0,,,,561198,560878,3970442
23.0,Alexia Smith,G,20:32,1,1,6,0,2,0,0,2,4,3,7,2,0,2,2,2,0,0,,,,561198,560878,3970442
20.0,Camryn Taylor,F,31:03,1,7,15,0,3,8,9,22,7,2,9,1,5,1,0,3,0,0,,,,561198,560878,3970442
5.0,Yonta Vaughn,G,30:28,0,2,6,1,3,0,2,5,1,3,4,8,1,2,1,0,0,0,,,,561198,560878,3970442
33.0,Lainey Allen,F,17:54,1,2,2,0,0,2,2,6,1,4,5,0,3,1,2,4,0,0,,,,560878,561198,3970442
4.0,Ja'la Bannerman,G,18:58,0,3,10,1,6,2,2,9,0,1,1,0,2,1,1,2,0,0,,,,560878,561198,3970442
12.0,Chaniqwa Gilliam,G,21:30,1,2,8,1,3,0,0,5,1,3,4,1,1,0,0,0,0,0,,,,560878,561198,3970442
11.0,Zamara Haynes,G,27:40,0,5,20,2,5,0,2,12,1,4,5,4,1,1,0,0,0,0,,,,560878,561198,3970442
2.0,Mahogany Lester,C,32:59,1,2,3,1,2,0,0,5,1,3,4,1,1,0,1,4,0,0,,,,560878,561198,3970442
25.0,Ashanti Lynch,G,24:13,1,1,8,0,1,2,2,4,1,3,4,0,2,2,0,3,0,0,,,,560878,561198,3970442
21.0,Ariana Seawell,C,10:29,0,2,3,0,0,0,0,4,2,1,3,0,2,0,0,4,0,0,,,,560878,561198,3970442
5.0,Mya Thomas,G,26:10,1,3,15,0,4,1,2,7,1,0,1,1,2,0,1,0,0,0,,,,560878,561198,3970442
24.0,Lesley Thomas,C,20:07,0,0,2,0,0,0,0,0,1,2,3,0,0,0,0,2,0,0,,,,560878,561198,3970442
5.0,Ashanti Barnes,F,6:16,0,0,3,0,0,0,0,0,1,1,2,0,1,0,0,2,0,0,,,,560827,561161,3970444
14.0,Annalicia Goodman,F,18:00,0,2,3,0,0,5,8,9,2,4,6,0,2,1,1,2,0,0,,,,560827,561161,3970444
25.0,Jamia Hazell,G,32:00,1,3,10,0,1,2,2,8,0,3,3,1,2,0,0,4,0,0,,,,560827,561161,3970444
35.0,Kseniia Kozlova,F,28:12,1,5,10,0,0,3,4,13,2,11,13,0,5,0,1,2,0,0,,,,560827,561161,3970444
0.0,Peyton McDaniel,G,29:52,1,3,13,1,7,0,0,7,1,7,8,0,1,1,0,1,0,0,,,,560827,561161,3970444
11.0,Carole Miller,G,5:22,0,0,1,0,0,0,0,0,0,2,2,1,1,0,0,1,0,0,,,,560827,561161,3970444
1.0,Olivia Mullins,G,33:19,1,1,7,0,3,0,0,2,0,3,3,3,0,0,0,0,0,0,,,,560827,561161,3970444
33.0,Steph Ouderkirk,F,27:59,1,3,6,1,3,0,0,7,2,1,3,1,6,1,0,3,0,0,,,,560827,561161,3970444
2.0,Chloe Sterling,G,9:06,0,1,3,1,1,0,0,3,0,0,0,1,0,1,0,1,0,0,,,,560827,561161,3970444
4.0,Amira Williams,G,9:53,0,0,2,0,1,0,0,0,0,5,5,0,0,0,0,2,0,0,,,,560827,561161,3970444
34.0,Jessica Cook,F,19:38,0,5,9,0,0,1,1,11,0,1,1,1,0,0,0,0,0,0,,,,561161,560827,3970444
24.0,Yaniah Curry,G,3:35,0,0,0,0,0,0,0,0,1,0,1,0,0,0,0,0,0,0,,,,561161,560827,3970444
1.0,Nan Garcia,G,12:34,0,3,11,2,8,0,0,8,0,3,3,0,0,0,0,1,0,0,,,,561161,560827,3970444
22.0,Khera Goss,G,33:32,1,2,6,1,3,0,0,5,1,1,2,0,0,2,0,1,0,0,,,,561161,560827,3970444
5.0,Quinesha Lockett,G,36:15,1,4,17,3,10,2,2,13,1,9,10,1,4,2,0,4,0,0,,,,561161,560827,3970444
33.0,Sammi Mikonowicz,G,36:25,1,2,5,0,2,0,0,4,2,6,8,0,3,1,1,1,0,0,,,,561161,560827,3970444
51.0,Hannah Noveroske,C,7:48,1,1,7,0,0,3,4,5,4,2,6,0,1,1,2,1,0,0,,,,561161,560827,3970444
30.0,Emmi Rinat,G,8:13,0,0,2,0,1,0,0,0,0,0,0,1,2,0,0,0,0,0,,,,561161,560827,3970444
12.0,Ella Weaver,G,2:53,0,0,0,0,0,0,0,0,0,0,0,0,0,0,0,0,0,0,,,,561161,560827,3970444
2.0,Sophia Wiard,G,39:07,1,4,12,2,6,4,4,14,0,6,6,7,0,3,0,1,0,0,,,,561161,560827,3970444
15.0,Sydney Barker,G,7:39,0,1,3,0,1,0,0,2,1,0,1,0,0,0,0,2,0,0,,,,560927,561246,3970459
20.0,Lexi Donarski,G,18:43,1,5,13,4,9,0,0,14,0,0,0,2,0,1,0,2,0,0,,,,560927,561246,3970459
5.0,Maria Gakdeng,C,14:55,1,5,6,0,0,3,4,13,3,3,6,1,3,0,0,1,0,0,,,,560927,561246,3970459
22.0,RyLee Grays,F,4:31,0,0,0,0,0,0,0,0,0,1,1,0,0,0,0,0,0,0,,,,560927,561246,3970459
10.0,Reniya Kelly,G,22:40,1,1,9,0,5,2,2,4,0,3,3,3,1,3,0,1,0,0,,,,560927,561246,3970459
25.0,Deja Kelly,G,22:03,1,4,11,1,5,5,6,14,0,2,2,3,0,1,1,2,0,0,,,,560927,561246,3970459
24.0,Indya Nivar,G,22:51,0,7,13,1,4,2,2,17,6,5,11,1,2,2,1,2,0,0,,,,560927,561246,3970459
2.0,Paulina Paris,G,30:46,0,5,12,3,8,2,2,15,1,1,2,5,0,3,0,1,0,0,,,,560927,561246,3970459
31.0,Anya Poole,F,17:52,0,3,5,0,0,1,3,7,6,3,9,1,0,1,2,2,0,0,,,,560927,561246,3970459
1.0,Alyssa Ustby,G,28:40,1,5,11,0,2,2,4,12,6,6,12,6,2,4,0,2,0,0,,,,560927,561246,3970459
0.0,Alexandra Zelaya,F,9:20,0,1,4,1,3,1,2,4,1,0,1,0,1,0,1,0,0,0,,,,560927,561246,3970459
3.0,Lauren Bailey,G,25:40,0,2,7,1,5,0,0,5,2,1,3,0,2,0,0,1,0,0,,,,561246,560927,3970459
0.0,Micahla Funderburk,G,29:03,1,4,10,4,9,4,4,16,1,0,1,0,2,0,0,0,0,0,,,,561246,560927,3970459
5.0,Anaya Harris,G,18:17,0,2,4,0,1,0,0,4,1,2,3,1,4,0,0,4,0,0,,,,561246,560927,3970459
23.0,Ashley Hawkins,G,30:50,1,4,10,0,2,6,6,14,0,2,2,2,10,0,0,2,0,0,,,,561246,560927,3970459
30.0,Ramatoulaye Keita,F,27:23,1,0,3,0,0,2,2,2,0,5,5,2,6,0,1,3,0,0,,,,561246,560927,3970459
13.0,Andrea Martinez,F,22:47,0,1,5,0,1,2,2,4,1,2,3,1,2,0,0,0,0,0,,,,561246,560927,3970459
44.0,Trinity Moreland,C,13:28,0,1,2,0,0,0,0,2,0,3,3,0,1,0,1,3,0,0,,,,561246,560927,3970459
33.0,Grace Pack,C,13:32,1,1,5,0,2,0,0,2,1,4,5,0,1,1,0,5,1,0,,,,561246,560927,3970459
10.0,Nyla Walker,G,19:00,1,0,4,0,2,0,0,0,0,2,2,0,5,1,0,4,0,0,,,,561246,560927,3970459
33.0,Lily Ba,C,0:35,0,0,1,0,0,0,0,0,0,0,0,0,0,0,0,0,0,0,,,,561167,560954,3970395
22.0,McKenzi Carter,F,0:04,0,0,0,0,0,0,0,0,0,0,0,0,0,0,0,0,0,0,,,,561167,560954,3970395
3.0,Marta Galic,G,34:33,1,5,13,3,10,1,2,14,3,5,8,0,6,2,1,2,0,0,,,,561167,560954,3970395
24.0,Chiara Grattini,G,17:00,0,1,2,1,1,0,0,3,0,0,0,2,2,0,0,1,0,0,,,,561167,560954,3970395
23.0,Amira Mabry,F,11:29,0,1,2,0,1,0,0,2,0,2,2,0,0,0,0,0,0,0,,,,561167,560954,3970395
21.0,Irina Parau,F,38:16,1,4,7,0,1,6,7,14,2,8,10,2,2,0,1,2,0,0,,,,561167,560954,3970395
12.0,Hannah Pratt,F,35:42,1,5,17,2,8,5,5,17,2,6,8,3,2,1,1,1,0,0,,,,561167,560954,3970395
1.0,Kaylah Rainey,G,27:32,1,0,4,0,3,1,2,1,0,2,2,6,3,2,0,4,0,0,,,,561167,560954,3970395
0.0,Kyren Whittington,G,34:49,1,6,15,0,3,3,3,15,3,2,5,1,2,7,0,4,0,0,,,,561167,560954,3970395
21.0,Lexi Alexander,F,39:42,1,8,14,0,0,1,2,17,1,7,8,3,2,2,0,5,1,0,,,,560954,561167,3970395
22.0,Deonna Brister,F,19:30,1,1,5,0,3,0,0,2,1,2,3,1,2,0,0,1,0,0,,,,560954,561167,3970395
5.0,Traya Bruce,G,4:56,0,0,0,0,0,0,0,0,0,0,0,0,0,0,0,0,0,0,,,,560954,561167,3970395
23.0,Daelyn Craig,F,9:07,1,1,2,0,0,0,0,2,0,0,0,1,1,0,0,3,0,0,,,,560954,561167,3970395
11.0,Britiya Curtis,G,33:25,0,7,13,4,9,0,0,18,1,7,8,0,3,3,0,1,0,0,,,,560954,561167,3970395
7.0,Betzalys Delgado,G,37:47,1,5,14,1,8,0,0,11,1,4,5,6,4,1,1,4,0,0,,,,560954,561167,3970395
12.0,Kyla Hamilton,G,27:32,1,4,7,1,2,2,4,11,1,2,3,5,4,3,0,3,0,0,,,,560954,561167,3970395
3.0,Ashley Malone,G,0:32,0,0,0,0,0,0,0,0,0,0,0,0,0,0,0,0,0,0,,,,560954,561167,3970395
30.0,Kate Manley,C,0:01,0,0,0,0,0,0,0,0,0,0,0,0,0,0,0,0,0,0,,,,560954,561167,3970395
25.0,Violette Skipworth,F,27:28,0,3,4,1,2,1,2,8,0,2,2,1,0,1,1,4,0,0,,,,560954,561167,3970395
2.0,KK Arnold,G,18:32,0,3,4,0,0,2,4,8,1,2,3,7,0,4,0,2,0,0,,,,560694,560708,3970461
21.0,Ines Bettencourt,G,5:49,0,0,0,0,0,0,0,0,0,1,1,0,0,0,0,2,0,0,,,,560694,560708,3970461
25.0,Ice Brady,F,11:16,0,1,6,0,1,1,2,3,1,2,3,0,1,0,0,0,0,0,,,,560694,560708,3970461
5.0,Paige Bueckers,G,20:37,1,3,9,0,1,2,2,8,0,7,7,4,1,1,0,1,0,0,,,,560694,560708,3970461
42.0,Amari DeBerry,F,5:19,0,0,0,0,0,0,0,0,0,1,1,1,3,0,2,1,0,0,,,,560694,560708,3970461
33.0,Caroline Ducharme,G,18:41,1,3,8,2,5,2,2,10,2,2,4,0,0,1,0,1,0,0,,,,560694,560708,3970461
3.0,Aaliyah Edwards,F,23:25,1,10,12,0,0,3,5,23,1,8,9,0,2,1,2,3,0,0,,,,560694,560708,3970461
35.0,Azzi Fudd,G,25:49,1,4,12,3,7,2,2,13,1,2,3,3,1,1,0,1,0,0,,,,560694,560708,3970461
44.0,Aubrey Griffin,G,16:00,0,5,7,0,1,2,2,12,3,2,5,1,0,0,1,1,0,0,,,,560694,560708,3970461
10.0,Nika Muhl,G,21:18,1,4,9,2,3,0,0,10,4,1,5,5,0,3,0,1,0,0,,,,560694,560708,3970461
4.0,Qadence Samuels,G,16:30,0,4,7,3,5,0,0,11,0,2,2,0,0,0,1,1,0,0,,,,560694,560708,3970461
12.0,Ashlynn Shade,G,16:44,0,2,4,0,1,0,0,4,1,2,3,2,0,0,0,1,0,0,,,,560694,560708,3970461
33.0,Destiny Bohanon,G,27:14,1,1,6,0,2,2,4,4,0,0,0,0,2,0,0,1,0,0,,,,560708,560694,3970461
22.0,Saija Cleveland,F,2:34,0,0,0,0,0,0,0,0,0,1,1,0,0,0,0,0,0,0,,,,560708,560694,3970461
50.0,Eve Fiala,C,2:44,0,1,1,0,0,0,0,2,0,0,0,0,0,0,0,0,0,0,,,,560708,560694,3970461
3.0,Anyssa Jones,G,28:22,1,4,14,1,6,2,2,11,1,3,4,1,3,0,0,3,0,0,,,,560708,560694,3970461
2.0,Taisiya Kozlova,G,3:07,0,0,0,0,0,0,0,0,1,0,1,0,1,0,0,0,0,0,,,,560708,560694,3970461
1.0,Nayo Lear,G,16:59,0,3,7,0,0,1,3,7,0,2,2,2,1,0,0,0,0,0,,,,560708,560694,3970461
0.0,Denika Lightbourne,G,6:17,0,1,3,0,0,0,0,2,0,2,2,0,0,1,0,1,0,0,,,,560708,560694,3970461
23.0,Mariah Perez,F,26:39,1,3,9,0,0,2,2,8,2,7,9,2,2,0,0,2,0,0,,,,560708,560694,3970461
30.0,Riley Rismiller,F,23:30,0,1,3,1,1,3,4,6,0,2,2,0,4,1,1,2,0,0,,,,560708,560694,3970461
13.0,Shannon Wheeler,F,25:18,1,0,2,0,0,2,2,2,2,2,4,0,1,0,1,4,0,0,,,,560708,560694,3970461
10.0,Ivy Wolf,G,37:16,1,6,15,4,8,0,0,16,1,3,4,2,6,2,0,2,0,0,,,,560708,560694,3970461
5.0,Ryan Cobbins,G,25:19,0,2,4,1,3,5,5,10,4,5,9,1,0,0,0,3,0,0,,,,560831,560986,3970433
15.0,Zakiyah Franklin,G,24:40,1,2,5,2,4,0,0,6,0,1,1,3,1,1,0,1,0,0,,,,560831,560986,3970433
7.0,Paris Gaines,C,9:33,0,2,2,0,0,0,0,4,1,4,5,0,2,1,0,5,1,0,,,,560831,560986,3970433
32.0,Skyler Gill,F,22:34,0,2,5,1,3,0,0,5,1,3,4,3,1,2,0,2,0,0,,,,560831,560986,3970433
1.0,Taiyanna Jackson,C,19:51,1,6,12,0,0,2,4,14,4,6,10,1,4,3,5,2,0,0,,,,560831,560986,3970433
13.0,Holly Kersgieter,G,25:09,1,6,9,5,8,0,0,17,1,2,3,0,0,1,1,0,0,0,,,,560831,560986,3970433
0.0,Wyvette Mayberry,G,25:21,1,5,11,4,6,3,5,17,0,1,1,5,2,1,0,2,0,0,,,,560831,560986,3970433
12.0,S'Mya Nichols,G,22:04,1,2,7,2,5,1,2,7,1,2,3,3,1,1,0,3,0,0,,,,560831,560986,3970433
14.0,Danai Papadopoulou,C,10:36,0,1,4,0,0,1,3,3,1,2,3,2,0,0,1,2,0,0,,,,560831,560986,3970433
25.0,McKenzie Smith,G,11:06,0,1,2,1,2,0,0,3,0,1,1,2,0,0,0,0,0,0,,,,560831,560986,3970433
23.0,Zsófia Telegdy,F,3:47,0,1,2,0,1,0,0,2,1,2,3,0,0,0,0,0,0,0,,,,560831,560986,3970433
35.0,Sharna Ayres,G,23:38,1,2,7,0,3,0,0,4,0,3,3,0,0,1,0,4,0,0,,,,560986,560831,3970433
23.0,Jordan Brown,G,5:00,0,0,0,0,0,2,2,2,1,0,1,1,3,0,0,1,0,0,,,,560986,560831,3970433
15.0,Carla Celaya,G,20:03,1,1,1,0,0,1,1,3,0,2,2,1,0,0,0,1,0,0,,,,560986,560831,3970433
4.0,Karmelah Dean,G,19:25,1,2,8,0,1,5,6,9,1,1,2,1,3,0,0,3,0,0,,,,560986,560831,3970433
11.0,Jasmin Dixon,F,23:10,1,0,3,0,0,2,2,2,1,3,4,0,0,0,1,3,0,0,,,,560986,560831,3970433
33.0,Niaisya Ervin,G,19:45,0,4,8,2,3,0,0,10,1,0,1,1,6,0,1,1,0,0,,,,560986,560831,3970433
1.0,Jermesha Frierson,G,6:10,0,0,1,0,1,0,0,0,1,2,3,0,0,0,1,1,0,0,,,,560986,560831,3970433
25.0,Nia Hardison,G,15:05,0,0,2,0,0,1,2,1,1,1,2,1,2,0,0,1,0,0,,,,560986,560831,3970433
20.0,Jordan McLemore,G,3:46,0,0,0,0,0,0,0,0,0,0,0,0,0,0,0,0,0,0,,,,560986,560831,3970433
10.0,Ivona Miljanic,G,19:21,0,0,3,0,2,0,0,0,2,2,4,0,1,0,0,0,0,0,,,,560986,560831,3970433
21.0,Mykaila Pickard,G,8:04,0,0,2,0,0,0,0,0,0,0,0,0,0,0,0,1,0,0,,,,560986,560831,3970433
24.0,Jordan Todd,C,13:02,0,3,8,0,0,0,0,6,1,1,2,0,1,0,0,3,0,0,,,,560986,560831,3970433
3.0,Jiselle Woodson,G,23:31,1,3,12,3,6,0,0,9,0,2,2,0,1,0,0,0,0,0,,,,560986,560831,3970433
3.0,Amaya Battle,G,23:35,1,1,3,1,2,0,0,3,2,4,6,5,5,0,0,1,0,0,,,,560900,560846,3954236
10.0,Mara Braun,G,29:25,1,9,15,5,11,2,2,25,0,1,1,6,1,3,0,1,0,0,,,,560900,560846,3954236
5.0,Maggie Czinano,G,19:47,0,2,4,0,0,2,2,6,0,3,3,1,1,0,0,1,0,0,,,,560900,560846,3954236
34.0,McKynnlie Dalan,F,3:09,0,0,0,0,0,0,0,0,0,1,1,0,0,0,0,0,0,0,,,,560900,560846,3954236
25.0,Grace Grocholski,F,25:22,1,4,10,2,8,0,0,10,3,1,4,3,2,1,1,2,0,0,,,,560900,560846,3954236
52.0,Sophie Hart,C,13:02,1,4,5,0,0,3,3,11,3,3,6,1,2,1,0,3,0,0,,,,560900,560846,3954236
24.0,Mallory Heyer,F,28:18,1,4,9,2,5,0,4,10,2,6,8,0,1,1,0,1,0,0,,,,560900,560846,3954236
41.0,Niamya Holloway,F,15:08,0,5,6,0,0,1,2,11,5,1,6,0,1,0,0,2,0,0,,,,560900,560846,3954236
1.0,Ayianna Johnson,F,10:12,0,1,2,0,0,1,2,3,0,0,0,1,1,0,0,2,0,0,,,,560900,560846,3954236
12.0,Ajok Madol,F,10:57,0,3,5,1,1,0,0,7,0,0,0,0,2,1,0,2,0,0,,,,560900,560846,3954236
30.0,Janay Sanders,G,19:32,0,1,4,0,1,2,4,4,1,2,3,4,3,3,0,2,0,0,,,,560900,560846,3954236
15.0,Brynn Senden,G,1:33,0,0,0,0,0,2,2,2,0,0,0,0,0,0,0,0,0,0,,,,560900,560846,3954236
12.0,Ashley Austin,G,29:35,1,3,12,0,4,0,0,6,1,2,3,4,2,3,0,5,1,0,,,,560846,560900,3954236
3.0,Alexzeya Brooks,G,21:47,0,2,7,1,4,4,4,9,1,2,3,2,1,1,0,1,0,0,,,,560846,560900,3954236
14.0,Dia Denes,F,15:32,1,0,0,0,0,0,2,0,0,2,2,0,0,0,2,2,0,0,,,,560846,560900,3954236
25.0,Amaya Dowdy,F,12:04,0,0,1,0,0,0,0,0,0,1,1,0,3,0,1,5,1,0,,,,560846,560900,3954236
11.0,Mariah Elohim,G,28:47,1,4,11,3,8,2,2,13,0,0,0,2,4,0,0,1,0,0,,,,560846,560900,3954236
15.0,Nigeria Harkless,F,27:00,1,5,10,0,0,1,2,11,3,3,6,0,3,4,0,5,1,0,,,,560846,560900,3954236
22.0,Racky Kane,G,1:08,0,0,0,0,0,0,0,0,1,0,1,0,0,0,0,0,0,0,,,,560846,560900,3954236
1.0,Emaia O'Brien,G,33:45,1,2,5,1,2,0,0,5,1,1,2,4,3,1,0,1,0,0,,,,560846,560900,3954236
2.0,Nia Santiago,G,1:08,0,0,0,0,0,0,0,0,0,0,0,0,0,0,0,0,0,0,,,,560846,560900,3954236
4.0,Kayla Tilus,G,11:21,0,1,4,1,2,0,0,3,1,2,3,0,3,2,0,2,0,0,,,,560846,560900,3954236
5.0,Janessa Williams,G,17:53,0,3,7,1,2,3,4,10,1,1,2,0,2,2,0,2,0,0,,,,560846,560900,3954236
1.0,Jadyn Atchison,G,12:16,0,3,7,1,3,1,2,8,2,3,5,1,0,1,0,2,0,0,,,,560690,561728,3970428
3.0,Frida Formann,G,17:59,1,5,8,3,5,2,2,15,0,1,1,4,2,3,0,0,0,0,,,,560690,561728,3970428
31.0,Sophie Gerber,G,3:10,0,0,0,0,0,0,0,0,0,0,0,0,1,0,0,0,0,0,,,,560690,561728,3970428
23.0,Mikayla Johnson,G,13:11,0,3,5,0,2,0,0,6,0,3,3,1,0,2,0,2,0,0,,,,560690,561728,3970428
25.0,Brianna McLeod,F,8:05,0,3,4,0,0,0,1,6,2,1,3,0,0,0,0,0,0,0,,,,560690,561728,3970428
11.0,Quay Miller,C,16:58,1,2,12,1,5,0,2,5,0,2,2,1,0,0,1,1,0,0,,,,560690,561728,3970428
24.0,Maddie Nolan,G,14:21,0,5,7,5,7,0,0,15,2,1,3,0,0,0,0,1,0,0,,,,560690,561728,3970428
2.0,Tameiya Sadler,G,18:23,1,1,4,0,2,2,4,4,1,3,4,3,1,3,1,1,0,0,,,,560690,561728,3970428
0.0,Jaylyn Sherrod,G,18:32,1,3,3,0,0,0,0,6,0,2,2,8,2,2,0,1,0,0,,,,560690,561728,3970428
4.0,Sara-Rose Smith,G,18:16,0,4,6,1,2,1,1,10,3,0,3,3,0,1,0,2,0,0,,,,560690,561728,3970428
21.0,Aaronette Vonleh,F,21:50,1,6,9,0,0,1,2,13,4,7,11,2,0,2,1,4,0,0,,,,560690,561728,3970428
15.0,Kindyll Wetta,G,19:45,0,0,2,0,1,0,0,0,1,2,3,5,2,2,0,2,0,0,,,,560690,561728,3970428
45.0,Charlotte Whittaker,C,17:14,0,4,7,0,1,1,2,9,4,0,4,1,2,1,0,3,0,0,,,,560690,561728,3970428
11.0,Zhara Adeyemi,G,5:45,0,0,1,0,0,0,0,0,1,0,1,1,1,0,0,1,0,0,,,,561728,560690,3970428
1.0,Lytoya Baker,G,30:32,1,6,10,1,1,5,10,18,0,3,3,1,1,0,0,2,0,0,,,,561728,560690,3970428
23.0,Emily Florvil,G,17:46,0,1,6,0,1,0,0,2,2,5,7,1,5,1,0,2,0,0,,,,561728,560690,3970428
3.0,Kaia Goode,G,22:52,1,2,8,1,4,0,0,5,0,0,0,0,5,0,0,2,0,0,,,,561728,560690,3970428
4.0,Sierra Linnin,G,23:13,1,0,6,0,6,0,0,0,0,2,2,0,3,0,0,0,0,0,,,,561728,560690,3970428
5.0,Michelina Lombardi,G,7:52,0,0,0,0,0,0,0,0,0,1,1,0,0,0,0,0,0,0,,,,561728,560690,3970428
10.0,Sydney Lusher,G,26:36,1,2,7,1,5,0,0,5,2,1,3,2,6,0,0,2,0,0,,,,561728,560690,3970428
25.0,Leah Middleton,G,19:29,0,1,5,0,2,2,2,4,0,3,3,1,0,0,1,1,0,0,,,,561728,560690,3970428
12.0,Sydney Postell,F,1:05,0,0,0,0,0,0,0,0,0,0,0,0,0,0,0,0,0,0,,,,561728,560690,3970428
24.0,Haedyn Roberts,F,20:35,1,1,2,0,0,0,0,2,0,3,3,0,0,1,2,3,0,0,,,,561728,560690,3970428
30.0,Tamiya Turner,F,1:05,0,0,0,0,0,0,0,0,0,0,0,0,0,0,0,0,0,0,,,,561728,560690,3970428
44.0,Brianna Williams,F,23:10,0,1,2,0,0,0,0,2,0,2,2,1,2,0,0,0,0,0,,,,561728,560690,3970428
35.0,Madison Booker,F,25:30,1,3,8,1,4,0,0,7,2,5,7,7,2,2,0,3,0,0,,,,561155,561111,3970437
13.0,Jordana Codio,G,0:49,0,0,0,0,0,0,0,0,0,0,0,0,0,0,0,0,0,0,,,,561155,561111,3970437
20.0,Khadija Faye,C,17:25,1,2,4,0,0,2,2,6,3,2,5,0,1,1,2,1,0,0,,,,561155,561111,3970437
2.0,Shaylee Gonzales,G,21:20,1,2,11,1,6,0,0,5,0,2,2,0,1,0,0,1,0,0,,,,561155,561111,3970437
3.0,Rori Harmon,G,28:04,1,3,9,1,4,1,4,8,0,7,7,9,2,4,0,0,0,0,,,,561155,561111,3970437
8.0,Tionna Herron,C,0:49,0,0,0,0,0,0,0,0,0,0,0,0,0,0,0,0,0,0,,,,561155,561111,3970437
10.0,Shay Holle,G,26:43,0,3,9,0,3,1,4,7,1,1,2,3,0,0,0,2,0,0,,,,561155,561111,3970437
44.0,Taylor Jones,F,21:46,0,8,12,0,0,3,5,19,5,7,12,1,1,2,1,3,0,0,,,,561155,561111,3970437
21.0,Gisella Maul,G,11:56,0,3,6,3,5,0,0,9,0,0,0,2,2,0,0,1,0,0,,,,561155,561111,3970437
14.0,Amina Muhammad,F,31:47,1,6,8,0,0,2,6,14,8,6,14,0,1,3,0,1,0,0,,,,561155,561111,3970437
32.0,Ndjakalenga Mwenentanda,G,13:51,0,2,5,0,0,1,2,5,0,1,1,1,1,0,0,1,0,0,,,,561155,561111,3970437
15.0,Sky Castro,F,10:03,1,1,1,0,0,0,0,2,0,1,1,0,1,0,0,5,1,0,,,,561111,561155,3970437
23.0,Osha Cummings,G,0:23,0,0,0,0,0,0,0,0,0,0,0,0,1,0,0,0,0,0,,,,561111,561155,3970437
4.0,Chloe Fleming,G,27:18,1,1,7,0,0,1,2,3,1,3,4,1,2,0,0,1,0,0,,,,561111,561155,3970437
2.0,Aleighyah Fontenot,G,31:53,1,3,12,1,6,0,0,7,1,3,4,1,0,1,1,3,0,0,,,,561111,561155,3970437
22.0,Sirviva Legions,G,16:54,0,3,4,0,0,1,5,7,0,1,1,0,5,0,0,2,0,0,,,,561111,561155,3970437
21.0,Tionna Lidge,C,29:57,0,1,2,0,0,1,2,3,0,3,3,0,1,2,2,4,0,0,,,,561111,561155,3970437
24.0,Kyanna Morgan,G,22:16,0,1,5,0,2,0,0,2,0,4,4,0,2,1,0,1,0,0,,,,561111,561155,3970437
13.0,Cayla Obillo,G,15:14,0,1,4,0,1,0,0,2,0,5,5,0,3,0,0,3,0,0,,,,561111,561155,3970437
14.0,Soniyah Reed,G,22:12,1,1,6,1,3,0,0,3,0,2,2,0,3,2,0,0,0,0,,,,561111,561155,3970437
3.0,Taylor Williams,F,23:50,1,2,7,0,0,2,2,6,1,2,3,1,4,0,0,3,0,0,,,,561111,561155,3970437
22.0,Daylani Ballena,G,27:09,1,4,15,2,5,6,8,16,0,0,0,4,3,1,0,1,0,0,,,,561114,560741,3970361
13.0,Ashley Banks,C,14:03,0,1,1,0,0,3,4,5,2,0,2,0,1,0,1,2,0,0,,,,561114,560741,3970361
23.0,Shiho Isono,,31:48,0,1,5,0,2,0,0,2,0,3,3,3,1,3,0,3,0,0,,,,561114,560741,3970361
34.0,Samantha Johnston,G,32:06,1,3,8,1,4,1,2,8,0,4,4,5,4,1,0,3,0,0,,,,561114,560741,3970361
5.0,Charli Kay,,28:57,1,3,6,1,3,4,4,11,0,2,2,0,1,2,0,1,0,0,,,,561114,560741,3970361
1.0,Alexa Lord,G,22:33,1,1,3,0,0,1,4,3,2,4,6,2,0,1,1,1,0,0,,,,561114,560741,3970361
3.0,Megan Smith,C,26:28,1,7,12,2,3,0,0,16,1,4,5,0,2,0,3,4,0,0,,,,561114,560741,3970361
44.0,Ava Uhrich,,16:56,0,5,6,1,2,5,5,16,0,2,2,1,1,0,1,1,0,0,,,,561114,560741,3970361
25.0,Aaliyah Alexander,G,34:19,1,9,17,1,2,8,9,27,5,6,11,2,4,1,1,3,0,0,,,,560741,561114,3970361
10.0,Jacinta Buckley,G,33:26,1,2,6,1,3,0,0,5,1,5,6,4,1,2,2,3,0,0,,,,560741,561114,3970361
2.0,Ella Gallatin,G,13:42,0,0,7,0,2,0,0,0,1,2,3,0,0,1,0,1,0,0,,,,560741,561114,3970361
44.0,Camille Jentzsch,F,11:33,0,1,4,0,1,1,2,3,0,1,1,0,0,0,0,2,0,0,,,,560741,561114,3970361
30.0,Gabrielle Jung,G,8:43,0,0,1,0,1,0,0,0,1,1,2,0,0,2,0,1,0,0,,,,560741,561114,3970361
21.0,Milly Knowles,F,25:58,1,5,9,0,0,0,0,10,4,1,5,1,1,1,0,3,0,0,,,,560741,561114,3970361
24.0,Jaleesa Lawrence,F,22:50,1,9,12,3,3,2,2,23,3,1,4,2,3,1,0,2,0,0,,,,560741,561114,3970361
15.0,Jamie Loera,G,36:06,1,6,14,1,3,2,4,15,0,4,4,4,2,1,1,4,0,0,,,,560741,561114,3970361
5.0,Breeje Schuler,G,7:24,0,0,1,0,1,0,0,0,0,0,0,1,0,0,0,1,0,0,,,,560741,561114,3970361
12.0,Andie Zylak,G,5:58,0,1,1,1,1,0,0,3,0,1,1,0,1,0,0,0,0,0,,,,560741,561114,3970361
2.0,Sarah Brans,F,26:20,0,3,11,2,6,5,6,13,1,3,4,1,1,0,1,1,0,0,,,,560801,560640,3970403
11.0,Hope Butera,C,13:40,1,1,4,0,1,0,0,2,1,3,4,0,0,0,1,3,0,1,,,,560801,560640,3970403
24.0,Aspen Caldwell,G,6:03,0,0,0,0,0,0,0,0,0,0,0,0,0,0,0,1,0,0,,,,560801,560640,3970403
21.0,Kennedy Johnson,G,21:56,1,3,7,0,0,0,2,6,3,2,5,1,3,1,1,2,0,0,,,,560801,560640,3970403
5.0,Amalie Langer,G,31:47,1,2,10,0,7,0,0,4,1,1,2,3,1,1,0,4,0,0,,,,560801,560640,3970403
23.0,Asha Phillips,G,33:48,1,5,10,3,4,1,2,14,0,3,3,1,2,1,0,2,0,0,,,,560801,560640,3970403
1.0,Sarah Schmitt,G,38:27,1,2,9,2,4,4,4,10,2,2,4,2,0,0,0,2,0,0,,,,560801,560640,3970403
3.0,Ashlyn Wallace,G,27:59,0,1,6,1,5,3,4,6,0,2,2,1,1,2,0,3,0,0,,,,560801,560640,3970403
35.0,Natalia Ackerman,F,31:13,1,4,8,1,1,5,5,14,4,11,15,0,2,1,3,3,0,0,,,,560640,560801,3970403
15.0,Sydney Bourland,G,37:41,1,2,7,0,0,0,0,4,3,2,5,1,2,0,2,3,0,1,,,,560640,560801,3970403
24.0,Mary Carter,G,7:23,0,1,3,1,2,0,0,3,0,2,2,0,1,0,0,3,0,0,,,,560640,560801,3970403
25.0,Jordan Hoffman,G,7:30,0,0,1,0,1,1,2,1,0,0,0,0,0,0,0,0,0,0,,,,560640,560801,3970403
4.0,Sierra Lichtie,F,14:42,1,1,5,0,2,1,2,3,1,1,2,0,1,0,0,2,0,0,,,,560640,560801,3970403
5.0,Ania McNicholas,G,20:04,0,2,7,1,1,2,2,7,1,2,3,0,2,0,2,2,0,0,,,,560640,560801,3970403
33.0,Amanda Olinger,F,14:16,0,1,3,0,1,0,0,2,1,1,2,0,0,0,1,2,0,0,,,,560640,560801,3970403
10.0,Sidney Richards,G,20:35,1,4,6,0,1,4,4,12,0,2,2,0,4,0,0,4,0,1,,,,560640,560801,3970403
3.0,Diamond Richardson,G,9:16,0,0,4,0,0,0,0,0,2,2,4,0,1,0,0,1,0,0,,,,560640,560801,3970403
2.0,Annika Shah,G,37:20,1,6,12,1,1,6,6,19,1,5,6,0,1,0,0,2,0,0,,,,560640,560801,3970403
1.0,Kennedy Basham,F,7:34,0,0,0,0,0,5,8,5,1,2,3,1,2,0,2,2,0,0,,,,561007,561256,3970430
3.0,Sofia Bell,G,32:12,1,5,11,3,7,1,1,14,1,1,2,3,2,1,0,2,0,0,,,,561007,561256,3970430
0.0,Ula Chamberlin,G,5:13,0,0,0,0,0,0,0,0,0,1,1,0,0,0,0,1,0,0,,,,561007,561256,3970430
2.0,Chance Gray,G,37:45,1,6,15,6,11,2,2,20,0,1,1,5,4,1,1,3,0,1,,,,561007,561256,3970430
21.0,Bella Hamel,G,1:34,0,1,1,1,1,0,0,3,0,0,0,0,0,0,0,0,0,0,,,,561007,561256,3970430
15.0,Phillipina Kyei,C,26:12,1,6,10,0,0,4,5,16,3,8,11,4,2,0,2,2,0,0,,,,561007,561256,3970430
23.0,Sarah Rambus,F,18:13,0,3,5,0,0,1,2,7,0,5,5,0,2,2,0,1,0,0,,,,561007,561256,3970430
13.0,Filippa Tilliander,F,6:41,0,0,0,0,0,0,2,0,0,1,1,0,0,0,0,0,0,0,,,,561007,561256,3970430
40.0,Grace VanSlooten,F,34:01,1,9,14,0,0,1,1,19,1,10,11,6,1,0,0,4,0,0,,,,561007,561256,3970430
11.0,Sammie Wagner,G,14:07,0,0,1,0,1,0,0,0,1,1,2,1,0,0,0,0,0,0,,,,561007,561256,3970430
12.0,Kennedi Williams,G,16:28,1,0,2,0,1,2,2,2,0,1,1,3,3,1,0,4,0,0,,,,561007,561256,3970430
15.0,Coriah Beck,G,17:00,1,2,6,2,4,3,3,9,1,0,1,1,2,1,0,4,0,0,,,,561256,561007,3970430
1.0,Corina Carter,G,19:59,1,0,6,0,4,0,0,0,0,0,0,0,0,0,0,2,0,0,,,,561256,561007,3970430
23.0,Maori Davenport,C,28:04,1,0,5,0,1,3,4,3,5,5,10,0,0,1,3,2,0,0,,,,561256,561007,3970430
0.0,Zaay Green,G,32:46,1,11,21,2,4,0,2,24,0,1,1,2,2,4,1,3,0,1,,,,561256,561007,3970430
11.0,Tia Morgan,G,25:37,0,1,5,1,4,0,0,3,0,4,4,5,0,2,0,3,0,0,,,,561256,561007,3970430
54.0,Maya Peat,C,19:02,0,3,7,0,0,2,2,8,2,3,5,0,2,0,0,4,0,0,,,,561256,561007,3970430
5.0,Jelissa Reese,G,22:41,1,0,6,0,0,2,2,2,3,3,6,0,4,0,0,1,0,0,,,,561256,561007,3970430
4.0,Kourtney Rittenberry,G,12:23,0,3,4,0,0,0,0,6,1,1,2,1,1,0,0,0,0,0,,,,561256,561007,3970430
14.0,Azaria Robinson,F,1:05,0,0,0,0,0,0,0,0,0,0,0,0,0,0,0,0,0,0,,,,561256,561007,3970430
3.0,Demetria Shephard,G,19:22,0,1,7,1,6,2,2,5,0,1,1,1,2,0,0,3,0,0,,,,561256,561007,3970430
25.0,Kaila Walker,G,2:01,0,0,0,0,0,0,0,0,0,0,0,0,0,0,0,0,0,0,,,,561256,561007,3970430
11.0,Alma Elsnitz,G,1:17,0,0,0,0,0,0,0,0,0,0,0,0,0,0,0,0,0,0,,,,560656,561076,3970469
32.0,Ioanna Krimili,G,32:07,1,5,9,1,5,2,2,13,0,1,1,2,1,0,0,2,0,0,,,,560656,561076,3970469
12.0,Ila Lane,C,4:14,0,0,0,0,0,0,0,0,0,1,1,0,1,0,0,0,0,0,,,,560656,561076,3970469
15.0,Kemery Martin,G,31:08,1,6,13,1,6,2,2,15,0,2,2,2,0,1,1,0,0,0,,,,560656,561076,3970469
21.0,Mia Mastrov,G,24:34,0,1,5,0,1,1,2,3,0,3,3,1,1,0,0,2,0,0,,,,560656,561076,3970469
1.0,Leilani McIntosh,G,38:25,1,2,6,0,2,1,2,5,1,3,4,8,1,4,0,1,0,0,,,,560656,561076,3970469
0.0,Ugonne Onyiah,F,6:58,0,1,2,0,0,2,2,4,0,2,2,0,3,0,1,5,1,0,,,,560656,561076,3970469
7.0,Marta Suárez,F,22:27,1,6,12,1,3,2,2,15,3,3,6,2,2,5,2,5,1,1,,,,560656,561076,3970469
10.0,Lulu Twidale,G,8:34,0,0,1,0,1,0,0,0,2,3,5,1,1,0,0,1,0,0,,,,560656,561076,3970469
24.0,McKayla Williams,G,30:16,1,7,12,2,5,0,0,16,3,5,8,0,2,0,0,3,0,0,,,,560656,561076,3970469
13.0,Lara Edmanson,G,14:56,0,1,2,0,0,0,0,2,2,1,3,0,0,0,0,3,0,0,,,,561076,560656,3970469
2.0,Keeley Frawley,F,30:13,1,2,5,1,2,0,0,5,2,3,5,2,2,0,0,1,0,0,,,,561076,560656,3970469
10.0,Georgia Grigoropoulou,F,1:07,0,0,0,0,0,0,0,0,0,0,0,0,0,0,0,0,0,0,,,,561076,560656,3970469
34.0,Tess Heal,G,31:59,1,6,15,0,0,3,4,15,0,3,3,3,3,0,0,3,0,0,,,,561076,560656,3970469
31.0,Ashley Hiraki,G,31:45,1,3,8,0,3,1,2,7,0,3,3,0,2,0,0,3,0,0,,,,561076,560656,3970469
23.0,Marya Hudgins,G,20:36,0,1,4,0,0,1,2,3,4,9,13,0,2,0,0,2,0,0,,,,561076,560656,3970469
0.0,Malia Latu,G,13:07,1,1,4,0,0,2,2,4,1,0,1,2,4,0,0,2,0,0,,,,561076,560656,3970469
12.0,Madison Naro,G,13:32,0,1,1,0,0,0,0,2,0,0,0,2,1,0,0,0,0,0,,,,561076,560656,3970469
5.0,Olivia Pollerd,F,30:25,1,5,14,2,7,0,0,12,0,2,2,1,2,0,0,1,0,0,,,,561076,560656,3970469
52.0,Emma Shaffer,F,12:20,0,3,4,0,0,0,0,6,1,1,2,0,0,1,0,0,0,0,,,,561076,560656,3970469
3.0,Nunu Agara,F,17:37,0,5,7,0,0,8,9,18,0,6,6,1,1,1,0,1,0,0,,,,561123,560786,3970455
20.0,Elena Bosgana,G,17:37,1,4,8,0,3,2,2,10,3,5,8,1,0,1,1,2,0,0,,,,561123,560786,3970455
22.0,Cameron Brink,F,17:17,1,2,9,0,1,4,4,8,1,7,8,5,1,1,2,2,0,0,,,,561123,560786,3970455
13.0,Chloe Clardy,G,14:35,0,0,3,0,2,0,0,0,0,3,3,0,1,0,1,2,0,0,,,,561123,560786,3970455
21.0,Brooke Demetre,G,25:27,0,4,5,2,3,2,2,12,1,7,8,1,2,1,0,1,0,0,,,,561123,560786,3970455
31.0,Lauren Green,G,3:37,0,0,0,0,0,0,0,0,2,0,2,0,0,0,0,0,0,0,,,,561123,560786,3970455
32.0,Jzaniya Harriel,G,20:21,0,0,6,0,3,0,0,0,0,1,1,2,1,1,1,3,0,0,,,,561123,560786,3970455
44.0,Kiki Iriafen,F,23:46,1,10,14,0,0,3,3,23,7,6,13,1,2,0,0,1,0,0,,,,561123,560786,3970455
33.0,Hannah Jump,G,23:16,1,4,7,1,2,0,0,9,0,3,3,3,0,1,0,2,0,0,,,,561123,560786,3970455
10.0,Talana Lepolo,G,19:48,1,0,2,0,1,0,0,0,1,1,2,0,2,0,0,2,0,0,,,,561123,560786,3970455
40.0,Courtney Ogden,F,12:06,0,3,3,1,1,0,0,7,0,1,1,0,2,1,0,5,1,0,,,,561123,560786,3970455
24.0,Stavi Papadaki,G,4:33,0,0,2,0,1,0,0,0,2,1,3,0,0,0,1,0,0,0,,,,561123,560786,3970455
11.0,Vivienne Berrett,C,9:20,0,0,2,0,0,0,2,0,0,2,2,0,2,0,0,1,0,0,,,,560786,561123,3970455
45.0,Olivia Davies,G,16:39,0,0,6,0,2,2,2,2,0,0,0,1,1,1,0,1,0,0,,,,560786,561123,3970455
1.0,Kelsie Imai,G,13:32,0,1,1,0,0,1,2,3,0,1,1,3,2,0,0,2,0,0,,,,560786,561123,3970455
23.0,MeiLani McBee,G,24:23,1,2,6,2,4,0,0,6,0,1,1,0,0,0,1,3,0,0,,,,560786,561123,3970455
22.0,Jade Peacock,G,17:16,0,1,5,0,2,0,0,2,1,0,1,0,0,1,1,2,0,0,,,,560786,561123,3970455
12.0,Imani Perez,F,23:48,1,2,6,1,3,0,0,5,0,2,2,0,1,0,0,3,0,0,,,,560786,561123,3970455
15.0,Daejah Phillips,G,26:25,1,2,9,0,1,0,0,4,0,1,1,2,3,2,0,3,0,0,,,,560786,561123,3970455
14.0,Brooklyn Rewers,C,21:18,1,3,7,1,1,1,1,8,0,3,3,0,0,0,0,3,0,0,,,,560786,561123,3970455
2.0,Ashley Thoms,G,21:44,0,1,5,0,1,2,3,4,0,0,0,1,0,0,0,2,0,0,,,,560786,561123,3970455
3.0,Lily Wahinekapu,G,25:35,1,1,11,0,3,4,4,6,0,2,2,1,2,0,0,1,0,0,,,,560786,561123,3970455
